"resp","held_source","start","origin","refit_ok","n","obs_mean","logLik","numIter","k_train_b","bias_b","ratio_b"
"dDBH","DOFAW","published_b9zero","natural",TRUE,879,0.549414433921196,-7130.47700774926,4,1.09253551951542,0.00952240157170132,1.01763760344872
"dDBH","DOFAW","record_fit_fixef","natural",TRUE,879,0.549414433921196,-7130.47713819288,4,1.09257460874376,0.00954920287126529,1.01768812348351
"dDBH","DOFAW","published_record_DEP","natural",TRUE,879,0.549414433921196,-7130.47769590728,4,1.09263489415141,0.00961802184882585,1.01781786917016
"dDBH","DOFAW","deployed_fit_fixef","natural",TRUE,879,0.549414433921196,-7130.47950627613,3,1.09241169503402,0.0095503066271177,1.01769020415375
"dDBH","DOFAW","published_b9zero","planted",TRUE,94,0.295465541645694,-7130.47700774926,4,0.819449586967797,-0.921962154111934,0.242696582865087
"dDBH","DOFAW","record_fit_fixef","planted",TRUE,94,0.295465541645694,-7130.47713819288,4,0.819453866460735,-0.921997139894578,0.242689608581584
"dDBH","DOFAW","published_record_DEP","planted",TRUE,94,0.295465541645694,-7130.47769590728,4,0.819461390012099,-0.92195152403973,0.242698702009194
"dDBH","DOFAW","deployed_fit_fixef","planted",TRUE,94,0.295465541645694,-7130.47950627613,3,0.81945524703516,-0.92199703937776,0.242689628618657
"dDBH","FIA","published_b9zero","natural",TRUE,102,0.475904139433551,-9144.18239099932,4,0.48253570924638,0.156856024987715,1.49163752388934
"dDBH","FIA","record_fit_fixef","natural",TRUE,102,0.475904139433551,-9144.18243998239,4,0.482549830098182,0.156786478094437,1.49131244393217
"dDBH","FIA","deployed_fit_fixef","natural",TRUE,102,0.475904139433551,-9144.18247460952,4,0.482518542654695,0.156783228111379,1.49129725614595
"dDBH","FIA","published_record_DEP","natural",TRUE,102,0.475904139433551,-9144.18248349351,4,0.482516252739887,0.156773463820205,1.49125162762526
"dDBH","KMR PSP","published_record_DEP","planted",TRUE,269,2.93142379182156,-8978.2905421129,6,1.40742559576375,1.08125843323999,1.58441178147933
"dDBH","KMR PSP","record_fit_fixef","planted",TRUE,269,2.93142379182156,-8979.34703034763,6,0.913470079157667,1.31349401376898,1.81183623145249
"dDBH","KMR PSP","published_b9zero","planted",TRUE,269,2.93142379182156,-8979.34992713388,4,0.913527294074599,1.31359188445842,1.81194583842731
"dDBH","KMR PSP","deployed_fit_fixef","planted",TRUE,269,2.93142379182156,-8979.35351790081,6,0.913572314922967,1.31358170565784,1.81193443840532
"dDBH","PSP","record_fit_fixef","natural",TRUE,19,2.13157894736842,-2744.97525634348,5,0.459387485836193,1.17476066514942,2.22777823854387
"dDBH","PSP","published_record_DEP","natural",TRUE,19,2.13157894736842,-2744.97564430503,5,0.459369706060202,1.17477664503222,2.22781544543089
"dDBH","PSP","published_b9zero","natural",TRUE,19,2.13157894736842,-2744.97581016341,5,0.459463924669571,1.17462894522336,2.22747159474408
"dDBH","PSP","deployed_fit_fixef","natural",TRUE,19,2.13157894736842,-2744.97660322702,4,0.459440120146749,1.17467227390051,2.22757245452517
"dDBH","PSP","record_fit_fixef","planted",TRUE,3427,2.02068086761988,-2744.97525634348,5,2.86251458306808,0.152401723169616,1.08157331500613
"dDBH","PSP","published_record_DEP","planted",TRUE,3427,2.02068086761988,-2744.97564430503,5,2.8625703160202,0.152418534692852,1.08158304752313
"dDBH","PSP","published_b9zero","planted",TRUE,3427,2.02068086761988,-2744.97581016341,5,2.86146420547043,0.151991936267989,1.08133613557503
"dDBH","PSP","deployed_fit_fixef","planted",TRUE,3427,2.02068086761988,-2744.97660322702,4,2.86174711770192,0.152040129743513,1.08136402394625
"dHT","DOFAW","published_b9zero","natural",TRUE,683,0.395626708558455,-5236.12157206035,5,1.5207323600936,0.0500453511541059,1.1448149620396
"dHT","DOFAW","deployed_fit_fixef","natural",TRUE,683,0.395626708558455,-5236.12185524369,5,1.5200977630524,0.0498981648575364,1.14432758233784
"dHT","DOFAW","record_fit_fixef","natural",TRUE,683,0.395626708558455,-5236.12195222718,4,1.52010776183978,0.0499118979501246,1.14437303933348
"dHT","DOFAW","published_record_DEP","natural",TRUE,683,0.395626708558455,-5236.12204038036,5,1.52020144644729,0.0499647381233907,1.14454797575939
"dHT","DOFAW","published_b9zero","planted",TRUE,67,0.168687227386016,-5236.12157206035,5,1.09436042202555,-0.717228078925023,0.190410106004863
"dHT","DOFAW","deployed_fit_fixef","planted",TRUE,67,0.168687227386016,-5236.12185524369,5,1.09437320947735,-0.717170143044474,0.190422558999583
"dHT","DOFAW","record_fit_fixef","planted",TRUE,67,0.168687227386016,-5236.12195222718,4,1.09437040450314,-0.717149190995571,0.190427062926816
"dHT","DOFAW","published_record_DEP","planted",TRUE,67,0.168687227386016,-5236.12204038036,5,1.09436650884339,-0.717161535100242,0.190424409368222
"dHT","FIA","deployed_fit_fixef","natural",TRUE,64,0.174095833333333,-6552.47631662507,5,0.357508935202691,-0.183839765994149,0.486388706964153
"dHT","FIA","record_fit_fixef","natural",TRUE,64,0.174095833333333,-6552.47631719226,5,0.357509077141891,-0.183840271535166,0.486388019999529
"dHT","FIA","published_record_DEP","natural",TRUE,64,0.174095833333333,-6552.47635346111,4,0.357520583470299,-0.183869283562463,0.486348599670991
"dHT","FIA","published_b9zero","natural",TRUE,64,0.174095833333333,-6552.47661529392,5,0.357560351238958,-0.183954242210103,0.48623319816117
"dHT","KMR PSP","deployed_fit_fixef","planted",TRUE,260,2.31730769230769,-6244.81474784793,6,3.65644465771291,0.667532272862037,1.40462008646385
"dHT","KMR PSP","record_fit_fixef","planted",TRUE,260,2.31730769230769,-6244.81474983236,5,3.65644739219653,0.667532218558972,1.40462004023018
"dHT","KMR PSP","published_record_DEP","planted",TRUE,260,2.31730769230769,-6244.81488726149,4,3.65656260753448,0.66754827265506,1.4046337088323
"dHT","KMR PSP","published_b9zero","planted",TRUE,260,2.31730769230769,-6244.81554612526,5,3.65618556781167,0.667649868637311,1.40472021473631
"dHT","PSP","deployed_fit_fixef","natural",TRUE,15,0.976666666666667,-1853.55210190767,4,0.585069592731406,0.578195898443954,2.45103717651075
"dHT","PSP","record_fit_fixef","natural",TRUE,15,0.976666666666667,-1853.55213282234,3,0.58508371598906,0.578193096771384,2.45101994323822
"dHT","PSP","published_record_DEP","natural",TRUE,15,0.976666666666667,-1854.57081493215,4,0.974926338187835,0.571834287147456,2.41252112251145
"dHT","PSP","published_b9zero","natural",TRUE,15,0.976666666666667,-1854.57092652576,6,0.974758092449201,0.571875430060109,2.41276633074928
"dHT","PSP","deployed_fit_fixef","planted",TRUE,2768,1.68950505780347,-1853.55210190767,4,4.58458223930906,-1.07295225564959,0.611594991740016
"dHT","PSP","record_fit_fixef","planted",TRUE,2768,1.68950505780347,-1853.55213282234,3,4.58446856131334,-1.07302531542037,0.611578817079878
"dHT","PSP","published_record_DEP","planted",TRUE,2768,1.68950505780347,-1854.57081493215,4,5.4076551300437,-1.77462480473467,0.487714122981978
"dHT","PSP","published_b9zero","planted",TRUE,2768,1.68950505780347,-1854.57092652576,6,5.41298553267815,-1.77227032565501,0.488045835058071
