scenario,site,set,tau,n_reps,frac_reps_any_above,frac_reps_any_above_upper,max_exN_over_reps,q975_max_exN
Even-aged natural,Low,ALL,0.95,500,0,0,-177.431809494132,-192.641501891556
Even-aged natural,Medium,ALL,0.95,500,0,0,-157.71158801488,-177.016763142775
Even-aged natural,High,ALL,0.95,500,0,0,-144.751087675299,-173.693500971002
Even-aged planted,Low,ALL,0.95,500,0.004,0,19.9970533053863,-39.8441136640444
Even-aged planted,Medium,ALL,0.95,500,0.002,0,13.4225361472224,-37.6051491530269
Even-aged planted,High,ALL,0.95,500,0.004,0,18.2611894691528,-30.0692008832002
Uneven-aged natural,Low,ALL,0.95,300,0,0,-121.184986319211,-134.132509285148
Uneven-aged natural,Medium,ALL,0.95,300,0,0,-121.64078555704,-126.604396613631
Uneven-aged natural,High,ALL,0.95,300,0,0,-117.339755728371,-123.424030173467
Even-aged natural,Low,ALL,0.99,500,0,0,-155.660203855296,-173.420108170351
Even-aged natural,Medium,ALL,0.99,500,0,0,-133.402038929334,-151.537895240432
Even-aged natural,High,ALL,0.99,500,0,0,-119.420539472345,-147.440141310188
Even-aged planted,Low,ALL,0.99,500,0,0,-45.6581079168446,-72.5492779804974
Even-aged planted,Medium,ALL,0.99,500,0,0,-42.2434438244229,-69.8570766146102
Even-aged planted,High,ALL,0.99,500,0,0,-37.5154338429915,-66.8841417104122
Uneven-aged natural,Low,ALL,0.99,300,0,0,-94.0647439367257,-107.562611804881
Uneven-aged natural,Medium,ALL,0.99,300,0,0,-94.5579362595321,-99.7966989791989
Uneven-aged natural,High,ALL,0.99,300,0,0,-90.5538015505184,-96.3240909279466
