group,variable,n_plots,n_installations,covered,coverage,cp_lo,cp_hi,inst_boot_lo,inst_boot_hi,below,above,median_width
pooled,survival,23,17,15,0.652,0.427,0.836,0.471,0.833,4,4,0.439
pooled,BA,23,17,15,0.652,0.427,0.836,0.394,0.947,5,3,21.951
pooled,QMD,23,17,21,0.913,0.72,0.989,0.762,1.0,1,1,12.757
natural,survival,12,7,8,0.667,0.349,0.901,0.4,0.909,2,2,0.427
natural,BA,12,7,6,0.5,0.211,0.789,0.125,0.923,4,2,11.522
natural,QMD,12,7,11,0.917,0.615,0.998,0.667,1.0,1,0,11.235
planted,survival,11,11,7,0.636,0.308,0.891,0.364,0.909,2,2,0.439
planted,BA,11,11,9,0.818,0.482,0.977,0.545,1.0,1,1,29.861
planted,QMD,11,11,10,0.909,0.587,0.998,0.727,1.0,0,1,17.422
DOFAW,survival,7,4,6,0.857,0.421,0.996,0.571,1.0,1,0,0.363
DOFAW,BA,7,4,4,0.571,0.184,0.901,0.0,1.0,1,2,25.589
DOFAW,QMD,7,4,7,1.0,0.59,1.0,1.0,1.0,0,0,23.479
FIA,survival,6,3,2,0.333,0.043,0.777,0.0,0.5,2,2,0.572
FIA,BA,6,3,2,0.333,0.043,0.777,0.0,1.0,4,0,10.729
FIA,QMD,6,3,5,0.833,0.359,0.996,0.0,1.0,1,0,9.792
PSP,survival,10,10,7,0.7,0.348,0.933,0.4,1.0,1,2,0.456
PSP,BA,10,10,9,0.9,0.555,0.997,0.7,1.0,0,1,27.78
PSP,QMD,10,10,9,0.9,0.555,0.997,0.7,1.0,0,1,17.21
natural DOFAW,survival,6,4,6,1.0,0.541,1.0,1.0,1.0,0,0,0.284
natural DOFAW,BA,6,4,4,0.667,0.223,0.957,0.0,1.0,0,2,22.969
natural DOFAW,QMD,6,4,6,1.0,0.541,1.0,1.0,1.0,0,0,27.219
