pid,ny,planted,obs_surv,pr_surv,obsQMD,prQMD,obsBAPH,prBAPH
DOFAW|Kulani|12,52,1,0.19444444444444445,0.5496567054889534,31.615020507889692,33.590088251037,13.627856552232387,43.48694495986548
DOFAW|Kulani|23,33,0,0.14935064935064934,0.2863244208443552,30.443626847867094,22.4982962763797,41.52055919871553,43.47313429716709
DOFAW|Laupahoehoe|41,27,0,0.1414141414141414,0.2892918714109713,25.867146360917804,19.354268496804064,36.49199863185678,41.79242022738798
DOFAW|Waiakea|11,5,0,0.7083333333333334,0.9576894083108607,23.376687004238168,22.684783474823476,18.09495149002464,23.038159483330528
DOFAW|Waiakea|14,5,0,0.8,0.9631712347254212,25.85432736990077,24.605169504988893,20.8319079361008,22.715839930523632
DOFAW|Waiakea|24,33,0,0.15873015873015872,0.7138203119587578,26.40806130710848,17.585362095568613,13.58362291269984,27.087857703558967
DOFAW|Waikamoi|25,33,0,0.04065040650406504,0.1435165773210223,31.952755799774142,26.660571544370807,19.88653955484135,48.87858943937436
FIA|15-1-1-2628|1,9,0,0.18181818181818182,0.8889956724636601,23.571190876435015,17.390074749450882,3.907620511971448,24.841371968196164
FIA|15-1-1-2628|2,9,0,0.34210526315789475,0.9130828546539074,21.992081260168305,20.292852911320004,7.370112144427036,21.798170196808663
FIA|15-1-1-2628|3,9,0,0.15,0.942807571922525,27.441797633051177,24.92217532968472,2.648161395515941,21.592695416348572
FIA|15-1-1-2628|4,9,0,0.4583333333333333,0.9258848409661209,21.280798878347017,20.149649350087753,11.921222653068366,20.672254188826535
FIA|15-1-1-2647|2,9,0,1.0,0.971555651129297,18.16626447173834,20.872793503288815,5.415734700776282,6.946322648483587
FIA|15-1-1-4895|1,9,0,1.0,0.9692253963130112,16.21765359178436,16.449945345776726,10.763845525137997,10.733592940624861
PSP|103|3,10,1,0.8333333333333334,0.7497355079842931,25.079261020479322,23.821701242959705,36.72340352049601,29.809063139906712
PSP|104|4,10,1,0.8636363636363636,0.6974098991236615,29.495298465669872,23.48235679276605,64.34004880195201,32.93186663086392
PSP|105|5,10,1,0.7777777777777778,0.7483037943874871,26.444497132133723,23.883604291523422,38.108412375264,29.90696767456187
PSP|106|6,10,1,1.0,0.7944759416238202,25.090210574378744,23.97590387329004,36.75547724587201,26.66515923889796
PSP|107|7,10,1,1.0,0.8588672560196449,27.893153281764324,25.401999700561092,30.284291755872,21.571684187352414
PSP|108|8,10,1,0.875,0.774049371132173,24.156010787024773,24.196946112784,31.798062605231998,28.224870242697328
PSP|123|23,4,1,0.6666666666666666,0.973402093646234,23.444242363531394,18.649827919235577,8.557651389672001,7.9070662747988845
PSP|202|2,5,1,0.7,0.8708158650374205,11.796382617444335,11.920734329749832,15.166240096392,19.26701950717836
PSP|203|3,5,1,0.8787878787878788,0.9104957549728948,12.771290540464795,11.522389779888895,18.411525022968004,15.527415867302187
PSP|204|4,5,1,0.7714285714285715,0.9352045473612902,12.427165583689808,9.855239023537012,16.230433848552,12.374600087158475
