"term","estimate","boot_se","lo95","hi95","n_ok","B"
"b0",-2.71977559666745,1.36612078772707,-7.58307802202002,-0.776515582925779,400,400
"b1",1.13354486286027,0.211279489868362,0.787499575765328,1.59724638601449,400,400
"b2",-0.10828768002196,0.0369681046019792,-0.214690594833687,-0.0710333080378261,400,400
"b3",-0.000252702455801308,0.00058478663215356,-0.00167660727270294,0.000563073460372392,400,400
"b4",-0.11652679312275,0.0480662885954243,-0.208540068890454,-0.0182749070767932,400,400
"b5",0.260360591825496,0.564908969898865,-0.876570630418783,1.18096124917608,400,400
"b6",0.0292536028533531,0.0277549593378836,0.0125961256112713,0.105282327553017,400,400
"b7",-0.116050483635868,0.0220797702688403,-0.172277429746522,-0.082912991976719,400,400
"b8",0.155406126220152,0.188315686202882,-0.131492222961022,0.824664138467011,400,400
"b9",0.798282628703745,1.17400773603904,-0.0337746997315475,3.51825634877197,400,400
"c_natural",0.464388260294791,0.382900695720685,0.330035076825972,1.47121339975199,400,400
"c_planted",2.65445819856015,0.861466186771139,1.02958329604924,3.65007839774428,400,400
