"fit","resp","bal","frame","term","estimate","se","t","p"
"dDBH_d_CS","dDBH","d","CS","b0",-2.6286706155586,0.430362845377019,4721,-6.1080333578884
"dDBH_d_CS","dDBH","d","CS","b1",0.363535575978295,0.0373047191462994,4721,9.74502916246611
"dDBH_d_CS","dDBH","d","CS","b2",-0.0202969160894502,0.0038063173339504,4721,-5.33242877791932
"dDBH_d_CS","dDBH","d","CS","b3",-0.00168278018535471,0.000479097003548721,4721,-3.51239972884444
"dDBH_d_CS","dDBH","d","CS","b4",-0.455281668665761,0.0246675289464735,4721,-18.4567197490144
"dDBH_d_CS","dDBH","d","CS","b5",1.37997111976073,0.292284368502277,4721,4.72133055500702
"dDBH_d_CS","dDBH","d","CS","b6",-0.0151741839076797,0.00347196915333345,4721,-4.37048350303197
"dDBH_d_CS","dDBH","d","CS","b7",-0.016280928746965,0.00247402259407034,4721,-6.58075184357113
"dDBH_d_CS","dDBH","d","CS","b8",0.5201394445269,0.0531026241896115,4721,9.79498569919365
"dDBH_d_CS","dDBH","d","CS","b9",1.06618119496549,0.144175738076687,4721,7.39501118002521
"dDBH_d_AP","dDBH","d","AP","b0",-1.98269853122582,0.909877612477187,14378,-2.17908266346704
"dDBH_d_AP","dDBH","d","AP","b1",0.208822818433789,0.0240769478734369,14378,8.67314327096145
"dDBH_d_AP","dDBH","d","AP","b2",-0.0872607688455046,0.00292732084741882,14378,-29.8090894007902
"dDBH_d_AP","dDBH","d","AP","b3",-0.00510621070932248,0.000207042641924346,14378,-24.6626040986682
"dDBH_d_AP","dDBH","d","AP","b4",-0.207239229740335,0.0139079385192432,14378,-14.9007870184065
"dDBH_d_AP","dDBH","d","AP","b5",-0.664499894395585,0.143760279919502,14378,-4.62227741047575
"dDBH_d_AP","dDBH","d","AP","b6",0.0355775052652544,0.00152799557957329,14378,23.2837749931121
"dDBH_d_AP","dDBH","d","AP","b7",-0.0118032644096906,0.00180328044387304,14378,-6.54544025572627
"dDBH_d_AP","dDBH","d","AP","b8",0.404704275956504,0.120286505951529,14378,3.3645027158706
"dDBH_d_AP","dDBH","d","AP","b9",0.868366187462217,0.341825453973048,14378,2.54037894887338
"dDBH_l_CS","dDBH","l","CS","b0",0.583233673876843,0.732688675372562,4721,0.796018409292701
"dDBH_l_CS","dDBH","l","CS","b1",0.404532104542194,0.0353501028163187,4721,11.4435906069119
"dDBH_l_CS","dDBH","l","CS","b2",-0.0152130980761729,0.00352504118859973,4721,-4.31572207592163
"dDBH_l_CS","dDBH","l","CS","b3",-0.00205377439537904,0.00028575388789966,4721,-7.18721418096753
"dDBH_l_CS","dDBH","l","CS","b4",-0.364427818722139,0.0202085360053768,4721,-18.0333606860575
"dDBH_l_CS","dDBH","l","CS","b5",1.44076847304792,0.275823750961288,4721,5.22351127495956
"dDBH_l_CS","dDBH","l","CS","b6",-0.00729644074490039,0.00330629491861177,4721,-2.20683300325912
"dDBH_l_CS","dDBH","l","CS","b7",-0.0296591146447451,0.00229187232656826,4721,-12.9409977601829
"dDBH_l_CS","dDBH","l","CS","b8",0.0548903230751941,0.0800539086173964,4721,0.68566699644277
"dDBH_l_CS","dDBH","l","CS","b9",-0.198331254902567,0.230095799367489,4721,-0.861950785054574
"dDBH_l_AP","dDBH","l","AP","b0",-1.24133867520041,0.795735670103012,14378,-1.55998872721102
"dDBH_l_AP","dDBH","l","AP","b1",0.190602964518407,0.0231409029930385,14378,8.23662605455571
"dDBH_l_AP","dDBH","l","AP","b2",-0.0721881723233038,0.00256936385273951,14378,-28.095737490171
"dDBH_l_AP","dDBH","l","AP","b3",-0.00313980982426832,0.000116917334360013,14378,-26.8549556099199
"dDBH_l_AP","dDBH","l","AP","b4",-0.165255906101284,0.0114784458362333,14378,-14.3970628479712
"dDBH_l_AP","dDBH","l","AP","b5",-0.482225879489019,0.13477774659853,14378,-3.57793398138234
"dDBH_l_AP","dDBH","l","AP","b6",0.0321111102650073,0.00136016498241134,14378,23.6082465585018
"dDBH_l_AP","dDBH","l","AP","b7",-0.0186909105480866,0.00168617911969157,14378,-11.08477167687
"dDBH_l_AP","dDBH","l","AP","b8",0.303723116349577,0.106239963138049,14378,2.85884056600168
"dDBH_l_AP","dDBH","l","AP","b9",0.539211784971744,0.301301320777716,14378,1.78960976201477
"dDBH_c_CS","dDBH","c","CS","b0",-0.0491979418230198,0.782977401008269,4721,-0.0628344339947307
"dDBH_c_CS","dDBH","c","CS","b1",0.436590886450924,0.037713535499053,4721,11.5765037850107
"dDBH_c_CS","dDBH","c","CS","b2",-0.0238542922523364,0.00368620094288729,4721,-6.47124034254414
"dDBH_c_CS","dDBH","c","CS","b3",-0.00255341110428287,0.000230396752695183,4721,-11.0826696748676
"dDBH_c_CS","dDBH","c","CS","b4",-0.264656387557989,0.0204185586054469,4721,-12.9615607385425
"dDBH_c_CS","dDBH","c","CS","b5",0.622184830669265,0.280502630830746,4721,2.2181069347784
"dDBH_c_CS","dDBH","c","CS","b6",0.00154650760559002,0.00329631799433133,4721,0.469162140378917
"dDBH_c_CS","dDBH","c","CS","b7",-0.0311970338851975,0.00226325939449926,4721,-13.7841177025578
"dDBH_c_CS","dDBH","c","CS","b8",0.078501362250424,0.0802943397767964,4721,0.97766993873595
"dDBH_c_CS","dDBH","c","CS","b9",-0.320766102901819,0.230318724328663,4721,-1.39270527759649
"dDBH_c_AP","dDBH","c","AP","b0",-1.66026913723574,0.70379359685491,14378,-2.35902847746143
"dDBH_c_AP","dDBH","c","AP","b1",0.171193285219291,0.0237550896797643,14378,7.20659393532503
"dDBH_c_AP","dDBH","c","AP","b2",-0.0733460999488903,0.00254297554388754,14378,-28.8426289136715
"dDBH_c_AP","dDBH","c","AP","b3",-0.00279824240592648,8.58122588392561e-05,14378,-32.6088887972074
"dDBH_c_AP","dDBH","c","AP","b4",-0.0968604070685938,0.0112287327131552,14378,-8.62612100073549
"dDBH_c_AP","dDBH","c","AP","b5",-0.813222222767529,0.137336845196598,14378,-5.92136961937198
"dDBH_c_AP","dDBH","c","AP","b6",0.0373041449893961,0.00137762356465601,14378,27.0786199847786
"dDBH_c_AP","dDBH","c","AP","b7",-0.0216691240341329,0.00167747756500236,14378,-12.9176833635342
"dDBH_c_AP","dDBH","c","AP","b8",0.33316012862787,0.0956636174800375,14378,3.48262105703238
"dDBH_c_AP","dDBH","c","AP","b9",0.577909855537238,0.267698607219782,14378,2.15880785312705
"dHT_d_CS","dHT","d","CS","b0",-3.61155449054127,0.747004924179666,3790,-4.83471309711559
"dHT_d_CS","dHT","d","CS","b1",1.12076867324582,0.0951657800409806,3790,11.77701346811
"dHT_d_CS","dHT","d","CS","b2",-0.115559568767104,0.012889512733281,3790,-8.96539467071764
"dHT_d_CS","dHT","d","CS","b3",-0.000912260302897405,0.000302150172495608,3790,-3.01922813865236
"dHT_d_CS","dHT","d","CS","b4",-0.133089166324144,0.0279138612517054,3790,-4.76785225533831
"dHT_d_CS","dHT","d","CS","b5",-0.525309525736237,0.278126555976486,3790,-1.88874278434832
"dHT_d_CS","dHT","d","CS","b6",0.0379881750263209,0.00488693923116616,3790,7.77340851387175
"dHT_d_CS","dHT","d","CS","b7",-0.124110723453855,0.007274651074853,3790,-17.0607115278533
"dHT_d_CS","dHT","d","CS","b8",0.223203335828305,0.0685389600980068,3790,3.25659063850892
"dHT_d_CS","dHT","d","CS","b9",1.06821406327561,0.204772766096099,3790,5.21658267181051
"dHT_d_AP","dHT","d","AP","b0",-4.25322472757607,0.439432043045686,12580,-9.67891348591045
"dHT_d_AP","dHT","d","AP","b1",0.115525806337411,0.0491472328813089,12580,2.35060652583244
"dHT_d_AP","dHT","d","AP","b2",-0.0892605948828687,0.00606517219164336,12580,-14.7169102644526
"dHT_d_AP","dHT","d","AP","b3",-0.000392020180164562,8.27046483593028e-05,12580,-4.74000177670142
"dHT_d_AP","dHT","d","AP","b4",-0.0941332160862622,0.0149976656640213,12580,-6.27652450688266
"dHT_d_AP","dHT","d","AP","b5",-0.085062630561036,0.15955709914102,12580,-0.533117178859312
"dHT_d_AP","dHT","d","AP","b6",0.0444292617017219,0.00221387338245882,12580,20.0685649205362
"dHT_d_AP","dHT","d","AP","b7",-0.0737095415335058,0.00359093994521375,12580,-20.5265313979285
"dHT_d_AP","dHT","d","AP","b8",0.573984648299809,0.0564840922060572,12580,10.1618814409884
"dHT_d_AP","dHT","d","AP","b9",1.74692026903826,0.138939633258711,12580,12.5732321877187
"dHT_l_CS","dHT","l","CS","b0",-3.43445615449951,0.745294311721541,3790,-4.60818779975165
"dHT_l_CS","dHT","l","CS","b1",1.27901973057022,0.0952251110401032,3790,13.4315383473964
"dHT_l_CS","dHT","l","CS","b2",-0.127794932580783,0.0120505610007147,3790,-10.6048948736249
"dHT_l_CS","dHT","l","CS","b3",-0.000792641841099543,0.000163998780086904,3790,-4.83321790978882
"dHT_l_CS","dHT","l","CS","b4",-0.15433954203088,0.0228690038517955,3790,-6.74885285914024
"dHT_l_CS","dHT","l","CS","b5",-0.159976126531288,0.267179090395704,3790,-0.5987599040567
"dHT_l_CS","dHT","l","CS","b6",0.0448193068239284,0.00460026139461507,3790,9.74277393810547
"dHT_l_CS","dHT","l","CS","b7",-0.136564623882297,0.00737252436317925,3790,-18.5234550819994
"dHT_l_CS","dHT","l","CS","b8",0.193695552526247,0.0673474183034041,3790,2.87606499856664
"dHT_l_CS","dHT","l","CS","b9",1.06897322679288,0.201171851383462,3790,5.31373161524107
"dHT_l_AP","dHT","l","AP","b0",-4.20846479373139,0.435794422785953,12580,-9.65699553203884
"dHT_l_AP","dHT","l","AP","b1",0.127341964090196,0.0488178502672609,12580,2.60851232475504
"dHT_l_AP","dHT","l","AP","b2",-0.0783282079598022,0.00560390627974203,12580,-13.9774300371433
"dHT_l_AP","dHT","l","AP","b3",-0.000165795774900762,3.81945572072511e-05,12580,-4.34082201820332
"dHT_l_AP","dHT","l","AP","b4",-0.0948556357763864,0.012725085528039,12580,-7.45422382956697
"dHT_l_AP","dHT","l","AP","b5",0.0135578922061402,0.15328749580253,12580,0.088447476652668
"dHT_l_AP","dHT","l","AP","b6",0.0415518858435687,0.00210680691407335,12580,19.7226834438432
"dHT_l_AP","dHT","l","AP","b7",-0.0783668907731241,0.00350490760771072,12580,-22.3591887559942
"dHT_l_AP","dHT","l","AP","b8",0.56843770202516,0.055993734738081,12580,10.151809031566
"dHT_l_AP","dHT","l","AP","b9",1.74383235789768,0.138884802882313,12580,12.5559623638258
"dHT_c_CS","dHT","c","CS","b0",-3.81787759328883,0.776430330980842,3790,-4.91721850750707
"dHT_c_CS","dHT","c","CS","b1",1.24402162300063,0.0977853723901704,3790,12.7219602747627
"dHT_c_CS","dHT","c","CS","b2",-0.125596331153981,0.0123739318112287,3790,-10.1500746141181
"dHT_c_CS","dHT","c","CS","b3",-0.000807043893806375,0.000130293399823512,3790,-6.19405046533095
"dHT_c_CS","dHT","c","CS","b4",-0.0888656792798792,0.0233325429143471,3790,-3.80865813066761
"dHT_c_CS","dHT","c","CS","b5",-0.675364047327747,0.269849225212747,3790,-2.50274591967161
"dHT_c_CS","dHT","c","CS","b6",0.0477984367873865,0.00490000119838605,3790,9.75478063212112
"dHT_c_CS","dHT","c","CS","b7",-0.139240218540705,0.00740643718953637,3790,-18.7998919017933
"dHT_c_CS","dHT","c","CS","b8",0.213731897084614,0.068432825396251,3790,3.12323648551742
"dHT_c_CS","dHT","c","CS","b9",1.03365682763941,0.203896682124689,3790,5.06951273982625
"dHT_c_AP","dHT","c","AP","b0",-4.39311540671526,0.437069738881323,12580,-10.0512916267308
"dHT_c_AP","dHT","c","AP","b1",0.116858711334184,0.0498748418674512,12580,2.34303923498648
"dHT_c_AP","dHT","c","AP","b2",-0.0821115689096912,0.00577797349245931,12580,-14.2111363122127
"dHT_c_AP","dHT","c","AP","b3",-0.000202204259009122,3.65529013569833e-05,12580,-5.53182514937332
"dHT_c_AP","dHT","c","AP","b4",-0.0691151289736847,0.0131969552260669,12580,-5.23720265695583
"dHT_c_AP","dHT","c","AP","b5",-0.122429679597587,0.157148289756161,12580,-0.77907102767427
"dHT_c_AP","dHT","c","AP","b6",0.04484565967782,0.00231373591394461,12580,19.3823588109345
"dHT_c_AP","dHT","c","AP","b7",-0.0796892221566542,0.00354374034613626,12580,-22.4873197167336
"dHT_c_AP","dHT","c","AP","b8",0.582040391873932,0.0563347890585778,12580,10.3318109750747
"dHT_c_AP","dHT","c","AP","b9",1.796946923487,0.139158039454682,12580,12.9129939637601
