"fit","eval_frame","int","int_lo","int_hi","slope","slope_lo","slope_hi","pass_int_25","pass_slope_25","min_region_int","min_region_slope"
"dDBH_l_CS","CS",0.203621562562987,0.0118083467238307,0.416796964515748,0.959648780995087,0.829811812508239,1.06830133801527,1,1,0.240155756939074,0.170188187491761
"dDBH_l_CS","NO",0.194433391629863,0.0102342498377817,0.420082236465585,0.969211611160995,0.842815954255772,1.08182811772968,1,1,0.24104555021541,0.157184045744228
"dDBH_l_CS","AP",0.176213070888195,-0.00712323827349696,0.376490459859335,0.955687278193336,0.854836687113792,1.06189237858534,1,1,0.220423670287099,0.145163312886208
"dDBH_l_NO","CS",0.142918593153206,-0.0576226625647558,0.383433410634333,0.98278300198603,0.856491257005822,1.09747830822546,1,1,0.220931889639853,0.143508742994178
"dDBH_l_NO","NO",0.135771755599454,-0.0387499978639822,0.372770563192428,0.992327455954023,0.85926801760916,1.09700544420387,1,1,0.213897845966616,0.14073198239084
"dDBH_l_NO","AP",0.135837105100293,-0.0736807971393765,0.333387370661955,0.969444888812147,0.869483251120553,1.0826861030027,1,1,0.195188127465779,0.130516748879447
"dDBH_l_AP","CS",0.360569015394647,0.167618424011315,0.629795812234957,0.798204371845844,0.695162707154624,0.91128678235987,0,0,0.36288433669394,0.304837292845376
"dDBH_l_AP","NO",0.362295130361916,0.177421957103208,0.646079799319515,0.805962412637175,0.691130959818209,0.911309224248451,0,0,0.370724223000542,0.308869040181791
"dDBH_l_AP","AP",0.262775916086234,0.0960984069442726,0.445610023334782,0.840065936689263,0.742293922629433,0.944066971058551,0,0,0.260891064535528,0.257706077370567
"dDBH_c_CS","CS",0.222271631569692,0.040701119357341,0.461071375022918,0.95466997877344,0.821136662601208,1.07125141736093,0,1,0.265666390349599,0.178863337398792
"dDBH_c_CS","NO",0.212839101731659,0.033538662536243,0.458303618858569,0.962171900498812,0.82800778400214,1.06501780148895,0,1,0.262977194424948,0.17199221599786
"dDBH_c_CS","AP",0.221077465242703,0.0309466717821676,0.427950931894165,0.93928885484535,0.829253481012572,1.03653550230476,0,1,0.250552205615356,0.170746518987428
"dDBH_c_NO","CS",0.164445600690607,-0.0206054170316555,0.394531539968728,0.973062878960521,0.859725475322352,1.07563623859087,1,1,0.227326561093389,0.140274524677648
"dDBH_c_NO","NO",0.156210441129996,-0.0330414566472945,0.379474947335699,0.98165659206557,0.858162581195021,1.08918988937025,1,1,0.217744859299689,0.141837418804979
"dDBH_c_NO","AP",0.17474495552625,-0.0318108045150258,0.373237213715792,0.947792887283823,0.848538214159886,1.05648434027218,1,1,0.218518993989126,0.151461785840114
"dDBH_c_AP","CS",0.365055332500075,0.181181383258168,0.618875146299689,0.792501655628113,0.691445907432064,0.88946835398597,0,0,0.356591918520957,0.308554092567936
"dDBH_c_AP","NO",0.365797675785963,0.178639290330247,0.620746995171925,0.800434784187914,0.693386221039117,0.902163162789613,0,0,0.356188117485509,0.306613778960883
"dDBH_c_AP","AP",0.284356472819875,0.132627899231307,0.45627177409145,0.820399583685075,0.730977035535876,0.923008680843253,0,0,0.26713319410861,0.269022964464124
"dHT_l_CS","CS",0.195212561105421,-0.00105163578962864,0.499810739195233,0.936143240101548,0.757139151556557,1.09346231049392,0,1,0.345085347271053,0.242860848443443
"dHT_l_CS","NO",0.190137372244111,0.0110412799751422,0.470433274887752,0.94666152196839,0.760143553818592,1.09634112561319,0,1,0.325153804032582,0.239856446181408
"dHT_l_CS","AP",0.24463559829511,0.106708243736941,0.444993918121666,0.646885242583113,0.515837323380349,0.784882065868806,0,0,0.378477295068789,0.484162676619651
"dHT_l_NO","CS",0.100676455373398,-0.067876937999254,0.364172649621579,0.994878015270996,0.821539183366204,1.14164338578824,0,1,0.251436464657862,0.178460816633796
"dHT_l_NO","NO",0.100948225927736,-0.0587210434498828,0.363647475085963,1.00265616364929,0.832303092092207,1.14072911428878,0,1,0.251345655511416,0.167696907907793
"dHT_l_NO","AP",0.19233989345982,0.0629000202329045,0.383588241607158,0.672837257692931,0.556783770269662,0.807262091446123,0,0,0.326250391727773,0.443216229730338
"dHT_l_AP","CS",0.548466485648501,0.171824697027851,1.12730366564152,0.873151991346855,0.51513264184221,1.1489460901128,0,0,0.77832656730067,0.48486735815779
"dHT_l_AP","NO",0.560223198618153,0.147914941814515,1.2101892958461,0.874945786882124,0.457247180763681,1.16262086708281,0,0,0.83645795089168,0.542752819236319
"dHT_l_AP","AP",0.335717816678448,0.0969984178632508,0.684247086979701,0.80484328828818,0.555643430193296,1.01559400575645,0,0,0.581967474368874,0.444356569806704
"dHT_c_CS","CS",0.221078379033114,0.0288038624869274,0.557875871582902,0.92154983334622,0.721780607495977,1.07525304559922,0,0,0.385175374961538,0.278219392504023
"dHT_c_CS","NO",0.21165345399509,0.0290343004739704,0.520001640017337,0.933810955373805,0.738760397502314,1.09188154061409,0,0,0.359414438519813,0.261239602497686
"dHT_c_CS","AP",0.262345046723438,0.116384160908882,0.471966869410477,0.638405686219538,0.502808569578965,0.775569417592764,0,0,0.401418394324487,0.497191430421035
"dHT_c_NO","CS",0.115252814385267,-0.0621100423606767,0.412271250763839,0.989900653303598,0.813289006346776,1.13542638582422,0,1,0.284645279868904,0.186710993653224
"dHT_c_NO","NO",0.111514040644007,-0.0461899370375823,0.376559516158656,0.999384013377653,0.815326258275803,1.1458387635849,0,1,0.260270192734283,0.184673741724197
"dHT_c_NO","AP",0.203135718008498,0.0712959874871261,0.412573457196075,0.670974170825984,0.53571375017805,0.808938627305518,0,0,0.35090296684472,0.46428624982195
"dHT_c_AP","CS",0.598862129045246,0.228725402062923,1.13984618699344,0.821052986725872,0.476473599489792,1.0782850865406,0,0,0.786986325879186,0.523526400510208
"dHT_c_AP","NO",0.608728406926509,0.186379281732778,1.22144283623945,0.823774530012768,0.466896308877575,1.11257138935426,0,0,0.844236166555962,0.533103691122425
"dHT_c_AP","AP",0.382302385904559,0.129238016375673,0.786048321989995,0.757204476657893,0.469517810092918,0.976071527538338,0,0,0.668551705056773,0.530482189907082
"dDBH_deployed_v102","CS",0.183535172913915,0.0228063921871798,0.413610139328651,0.966585139148697,0.843854407651555,1.07986264543714,1,1,0.238319528558838,0.156145592348445
"dDBH_deployed_v102","NO",0.184611420023064,0.0245859852525153,0.44624825465014,0.975646098218346,0.843808631545253,1.08976426841152,0,1,0.256059758631621,0.156191368454747
"dDBH_deployed_v102","AP",0.142724482574142,-0.0411811306995246,0.330985803579744,0.963915055203151,0.85806511996388,1.09554708147568,1,1,0.193782083257117,0.14193488003612
"dHT_deployed_v102","CS",0.213217619346266,0.0539635455584507,0.496034341477749,0.832604529967557,0.665671031974074,0.945113255973161,0,0,0.342478001298716,0.334328968025926
"dHT_deployed_v102","NO",0.205479399461444,0.0501563516465887,0.500862194215595,0.841478298122075,0.691415812824214,0.954987745370231,0,0,0.346185647229493,0.308584187175786
"dHT_deployed_v102","AP",0.210392527000372,0.0886928206525505,0.377758727613051,0.612849681962749,0.502279056240909,0.718904745240632,0,0,0.321292259496735,0.497720943759091
