"fit","resp","bal","frame","n","n_trees","n_inst","n_planted","logLik","aic","sigma","varpower","tau_source","tau_inst","tau_tree","cf_source_inst","cf_all_levels","c_natural","c_planted","k_natural","k_planted","k_ratio_natural","k_ratio_planted","r2_cond_period","r2_pa_period"
"dDBH_d_CS","dDBH","d","CS",4790,1337,60,3790,-9453.7462714583,18935.4925429166,1.99885847093388,-0.0674641453393194,0.0003614779,0.5644157299,NA,1.17266932365695,1.17266932365695,0.672719162400393,1.2959862079643,0.57366484210786,1.10515912868156,0.604182387248744,1.13895630333094,0.461919740340701,0.114644263383888
"dDBH_d_AP","dDBH","d","AP",15728,1341,60,13687,-35003.323313436,70036.646626872,2.74755379213586,-0.128850856983117,0.5933095,0.8292039,0.4541144,1.68168730108755,1.86434088810284,0.499722050580927,0.935017907189914,0.297155154979023,0.55599986191561,0.33512851070948,0.56324210372981,0.888361009810563,0.579446338839399
"dDBH_l_CS","dDBH","l","CS",4790,1337,60,3790,-9315.0892402288,18658.1784804576,1.93322018125945,-0.0664774369040302,0.8472217,0.5920938,NA,1.70604843301272,1.70604843301272,0.357004571958612,2.32667707585007,0.209258169375752,1.36378137386251,0.214501109493889,1.49405397518126,0.494340239047514,-1.87784634010165
"dDBH_l_AP","dDBH","l","AP",15728,1341,60,13687,-34857.4071108382,69744.8142216764,2.5950126866638,-0.106666358896477,0.4593262,0.7695682,0.4221039,1.49422531146822,1.63344901169354,0.492874825977463,1.14568806296767,0.329853083196113,0.766743846576873,0.355073481750651,0.759517557277898,0.891337403242528,0.576810755135385
"dDBH_c_CS","dDBH","c","CS",4790,1337,60,3790,-9338.53373664253,18705.0674732851,1.98228178694463,-0.074806830540012,1.0051967,0.5578137,NA,1.93631806435378,1.93631806435378,0.404675155594791,2.81871830416862,0.208992088151512,1.45571037943569,0.219709089976463,1.58693136475948,0.487802149156444,-1.41278859878026
"dDBH_c_AP","dDBH","c","AP",15728,1341,60,13687,-34819.3644638625,69668.7289277251,2.56408351975754,-0.10395719372449,0.2816561,0.7286513,0.4513485,1.35680332657097,1.50228783888465,0.561488341350063,1.21451723838352,0.413831784131238,0.89513138315555,0.432472680142111,0.879848249473133,0.892949705762695,0.592574029006537
"dHT_d_CS","dHT","d","CS",3857,1167,58,3095,-6661.49789065098,13350.995781302,1.05019786167182,0.106753317727825,1.0593706,0.2285286,NA,1.79902651675879,1.79902651675879,0.486690941790587,2.50864817208022,0.270530165762889,1.39444757968322,0.297204392359902,1.51588178979473,0.151579529742991,-1.1482782073756
"dHT_d_AP","dHT","d","AP",13761,1172,58,12031,-26582.0166652831,53194.0333305661,1.58164930778676,-0.00743319874627513,0.0004046254,0.392913598,0.3724834467,1.08024798401514,1.15784739664486,1.05416502916248,1.09255018395645,0.975854660005281,1.01138831094652,0.956561006110228,1.11893313586403,0.766485914419972,0.486677397513869
"dHT_l_CS","dHT","l","CS",3857,1167,58,3095,-6612.72398271564,13253.4479654313,1.02300457368527,0.112609634668429,1.073796,0.228347,NA,1.82684438937485,1.82684438937485,0.452133875375245,2.52673722316527,0.24749446532223,1.38311573654608,0.266954459286428,1.49683139270031,0.170703021014006,-1.29911210011456
"dHT_l_AP","dHT","l","AP",13761,1172,58,12031,-26591.514013332,53213.0280266641,1.56712787333406,-0.00242324976793051,0.0005218965,0.3986288911,0.3598560335,1.08269427389967,1.15511604988925,1.05289596312873,1.09012836763767,0.972477631507549,1.00686629080546,0.949959083781364,1.11530845723564,0.765594824337592,0.484167203799832
"dHT_c_CS","dHT","c","CS",3857,1167,58,3095,-6632.2698614461,13292.5397228922,1.02595944502577,0.113416876347252,1.1435904,0.2363929,NA,1.9775136100158,1.9775136100158,0.484171469048967,2.74684905485043,0.244838501538859,1.38904179518061,0.266951626200134,1.50057579259415,0.162810146973867,-1.23591945963903
"dHT_c_AP","dHT","c","AP",13761,1172,58,12031,-26592.3911646084,53214.7823292168,1.57041351008396,-0.00396794215004553,0.0004324554,0.3991073997,0.3713358447,1.0829008924229,1.16019559413284,1.12744072967055,1.09695241576573,1.04113011408459,1.01297581656932,1.01123577458674,1.12006685152655,0.766344503309024,0.473592095108256
