"bal","method","n","term","estimate","se","rmse_pa","r2_pa","tau_inst","aic"
"d","nls",203,"b0",0.814003833758731,0.543004833769719,1.74147535404808,0.48105951904142,NA,815.310503866084
"d","nls",203,"b1",2.38208492819319,1.12187238973796,1.74147535404808,0.48105951904142,NA,815.310503866084
"d","nls",203,"b2",0.100441945365841,0.330015960467637,1.74147535404808,0.48105951904142,NA,815.310503866084
"d","nls",203,"b3",-0.0234627414592388,0.00906899875077037,1.74147535404808,0.48105951904142,NA,815.310503866084
"d","nls",203,"b4",-0.442228370496741,0.157203833854078,1.74147535404808,0.48105951904142,NA,815.310503866084
"d","nls",203,"b5",-0.504865538143108,0.487051035529944,1.74147535404808,0.48105951904142,NA,815.310503866084
"d","nlme",203,"b0",0.957853839848243,0.991625341096578,1.79376268507064,0.449429604352684,0.4554061,796.804136959142
"d","nlme",203,"b1",0.183131012068211,1.27037605638579,1.79376268507064,0.449429604352684,0.4554061,796.804136959142
"d","nlme",203,"b2",-0.000299533485799057,0.30485876147921,1.79376268507064,0.449429604352684,0.4554061,796.804136959142
"d","nlme",203,"b3",-0.0169976810522352,0.00842484998925137,1.79376268507064,0.449429604352684,0.4554061,796.804136959142
"d","nlme",203,"b4",-0.377474437384472,0.251411788037428,1.79376268507064,0.449429604352684,0.4554061,796.804136959142
"d","nlme",203,"b5",-0.25378210542491,0.974275196467318,1.79376268507064,0.449429604352684,0.4554061,796.804136959142
"d","deployed_HCB_P",203,"b0",0.1684,NA,1.81835799388545,0.43422772028588,NA,NA
"d","deployed_HCB_P",203,"b1",1.0146,NA,1.81835799388545,0.43422772028588,NA,NA
"d","deployed_HCB_P",203,"b2",-0.376,NA,1.81835799388545,0.43422772028588,NA,NA
"d","deployed_HCB_P",203,"b3",-0.0078,NA,1.81835799388545,0.43422772028588,NA,NA
"d","deployed_HCB_P",203,"b4",-0.3734,NA,1.81835799388545,0.43422772028588,NA,NA
"d","deployed_HCB_P",203,"b5",-0.221,NA,1.81835799388545,0.43422772028588,NA,NA
"l","nls",203,"b0",0.523355260713748,0.543375649341223,1.76085374769447,0.469446166458375,NA,819.803347274091
"l","nls",203,"b1",3.43089372117788,1.05561766907479,1.76085374769447,0.469446166458375,NA,819.803347274091
"l","nls",203,"b2",-0.578731753308431,0.252902804603965,1.76085374769447,0.469446166458375,NA,819.803347274091
"l","nls",203,"b3",0.00731561135231779,0.00507503826703124,1.76085374769447,0.469446166458375,NA,819.803347274091
"l","nls",203,"b4",-0.601928674937203,0.153686962051773,1.76085374769447,0.469446166458375,NA,819.803347274091
"l","nls",203,"b5",-0.672701647013625,0.496828223899128,1.76085374769447,0.469446166458375,NA,819.803347274091
"l","nlme",203,"b0",0.587874794274293,1.06699262738841,1.96835866446825,0.337033845642143,0.5133593,798.8640602111
"l","nlme",203,"b1",0.435127617455015,1.27811210591438,1.96835866446825,0.337033845642143,0.5133593,798.8640602111
"l","nlme",203,"b2",-0.16293052913703,0.288277298209585,1.96835866446825,0.337033845642143,0.5133593,798.8640602111
"l","nlme",203,"b3",-0.0094540966654677,0.00676379802313331,1.96835866446825,0.337033845642143,0.5133593,798.8640602111
"l","nlme",203,"b4",-0.339189537712748,0.286046692267217,1.96835866446825,0.337033845642143,0.5133593,798.8640602111
"l","nlme",203,"b5",-0.166114817411417,1.06616900655439,1.96835866446825,0.337033845642143,0.5133593,798.8640602111
"l","deployed_HCB_P",203,"b0",0.1684,NA,1.90293736434388,0.380370805086118,NA,NA
"l","deployed_HCB_P",203,"b1",1.0146,NA,1.90293736434388,0.380370805086118,NA,NA
"l","deployed_HCB_P",203,"b2",-0.376,NA,1.90293736434388,0.380370805086118,NA,NA
"l","deployed_HCB_P",203,"b3",-0.0078,NA,1.90293736434388,0.380370805086118,NA,NA
"l","deployed_HCB_P",203,"b4",-0.3734,NA,1.90293736434388,0.380370805086118,NA,NA
"l","deployed_HCB_P",203,"b5",-0.221,NA,1.90293736434388,0.380370805086118,NA,NA
"c","nls",203,"b0",0.885286358265445,0.53083623348825,1.71111360371414,0.498996715583493,NA,808.16966633323
"c","nls",203,"b1",1.7881368245014,1.12923819353209,1.71111360371414,0.498996715583493,NA,808.16966633323
"c","nls",203,"b2",0.272328307319525,0.32021733101587,1.71111360371414,0.498996715583493,NA,808.16966633323
"c","nls",203,"b3",-0.0286583678112956,0.00823829819116405,1.71111360371414,0.498996715583493,NA,808.16966633323
"c","nls",203,"b4",-0.369322019194316,0.156648058923372,1.71111360371414,0.498996715583493,NA,808.16966633323
"c","nls",203,"b5",-0.457809425372981,0.477170062364878,1.71111360371414,0.498996715583493,NA,808.16966633323
"c","nlme",203,"b0",1.16417739852835,0.992937426928873,1.75571958582444,0.472535552075881,0.4585989,789.356746148496
"c","nlme",203,"b1",-0.484662156333198,1.2876022957905,1.75571958582444,0.472535552075881,0.4585989,789.356746148496
"c","nlme",203,"b2",0.195410873406923,0.294588476429754,1.75571958582444,0.472535552075881,0.4585989,789.356746148496
"c","nlme",203,"b3",-0.0255916454298984,0.00789513627965106,1.75571958582444,0.472535552075881,0.4585989,789.356746148496
"c","nlme",203,"b4",-0.303936080708162,0.252669620161226,1.75571958582444,0.472535552075881,0.4585989,789.356746148496
"c","nlme",203,"b5",-0.278295788486865,0.973964340359293,1.75571958582444,0.472535552075881,0.4585989,789.356746148496
"c","deployed_HCB_P",203,"b0",0.1684,NA,1.80723110461085,0.441130678326732,NA,NA
"c","deployed_HCB_P",203,"b1",1.0146,NA,1.80723110461085,0.441130678326732,NA,NA
"c","deployed_HCB_P",203,"b2",-0.376,NA,1.80723110461085,0.441130678326732,NA,NA
"c","deployed_HCB_P",203,"b3",-0.0078,NA,1.80723110461085,0.441130678326732,NA,NA
"c","deployed_HCB_P",203,"b4",-0.3734,NA,1.80723110461085,0.441130678326732,NA,NA
"c","deployed_HCB_P",203,"b5",-0.221,NA,1.80723110461085,0.441130678326732,NA,NA
