key,n_live,TPH_deposited,TPH_repaired,TPH_engine_livelist,BAPH_deposited,BAPH_repaired,BAPH_engine_livelist,deposited_column_in_AK_TREE,engine_equals_repaired
DOFAW|Kulani|12|1994,11,545.6,272.8,272.8,37.552979898498,18.796502577378,18.79650257737802,37.552979898498,True
DOFAW|Kulani|23|1994,30,1537.6,744.0,743.9999999999998,76.0621351844664,38.1282432131064,38.12824321310641,76.0621351844664,True
DOFAW|Waiakea|24|1968,63,4141.6,1562.4,1562.3999999999999,14.0017753195934,7.62163202070547,7.621632020705473,14.0017753195934,True
PSP|101|1|2021,11,1090.32,545.16,545.1600000000001,58.624551810594,29.90641344768,29.906413447680002,58.624551810594,True
PSP|102|2|2021,9,892.08,446.04,446.04,73.483113797478,37.558799508384,37.558799508384006,73.483113797478,True
PSP|104|4|2021,13,1288.56,644.28,644.28,129.129956903178,65.381082521832,65.38108252183201,129.129956903178,True
PSP|105|5|2021,11,1040.76,545.16,545.1600000000001,88.217497140696,45.302696889912,45.30269688991201,88.217497140696,True
PSP|107|7|2021,10,1040.76,495.6,495.6,79.064428568202,38.392210350648,38.392210350648,79.064428568202,True
PSP|108|8|2021,14,1387.68,693.84,693.8399999999999,88.020471437514,44.48808654444,44.48808654444,88.020471437514,True
PSP|109|9|2021,11,1090.32,545.16,545.1600000000001,65.373307368138,32.995806056136,32.995806056136,65.373307368138,True
PSP|110|10|2021,12,1189.44,594.72,594.72,61.63351682796,31.5462994308,31.5462994308,61.63351682796,True
PSP|111|11|2021,10,991.2,495.6,495.6,63.755413684578,32.299253488656,32.29925348865601,63.755413684578,True
PSP|112|12|2021,8,792.96,396.48,396.48,54.60892333974,27.789041555352,27.789041555352004,54.60892333974,True
PSP|113|13|2021,8,792.96,396.48,396.48,40.112241722784,20.521384501464,20.521384501464,40.112241722784,True
PSP|114|14|2021,15,1486.8,743.4,743.3999999999999,60.536441668626,30.851537386824,30.851537386824,60.536441668626,True
PSP|115|15|2021,14,1387.68,693.84,693.8399999999999,55.854913614192,28.629147398544,28.629147398543996,55.854913614192,True
PSP|116|16|2021,5,495.6,247.8,247.8,30.056817422016,15.556029278328,15.556029278328001,30.056817422016,True
PSP|117|17|2021,6,594.72,297.36,297.36,32.908537497528,16.823564221464,16.823564221464004,32.908537497528,True
PSP|118|18|2021,7,693.84,346.92,346.92,33.241876533558,17.263721608056,17.263721608056002,33.241876533558,True
PSP|119|19|2021,12,1189.44,594.72,594.72,36.254286362448,19.175806088208,19.175806088208,36.254286362448,True
PSP|120|20|2021,11,1090.32,545.16,545.1600000000001,31.568408503632,16.436538673632,16.436538673632,31.568408503632,True
PSP|121|21|2021,9,892.08,446.04,446.04,4.2442218819,2.279063949624,2.279063949624,4.2442218819,True
PSP|122|22|2021,5,495.6,247.8,247.8,9.525166603722,5.176442374488,5.176442374488,9.525166603722,True
PSP|202|2|2017,29,2874.48,1437.24,1437.2399999999998,30.482845242696,16.101399382992,16.101399382992,30.482845242696,True
PSP|203|3|2017,29,2874.48,1437.24,1437.2399999999998,35.30075474772,18.411525022968,18.411525022968004,35.30075474772,True
PSP|204|4|2017,27,2676.24,1338.12,1338.12,31.502587302648,16.230433848552,16.230433848552,31.502587302648,True
PSP|206|6|2017,35,3518.76,1734.6,1734.6,33.974560697616,18.0492554088,18.0492554088,33.974560697616,True
PSP|207|7|2017,22,2180.64,1090.32,1090.3199999999997,20.525549414832,10.922037676704,10.922037676704003,20.525549414832,True
PSP|208|8|2017,27,2725.8,1338.12,1338.12,23.251348978704,11.94765732468,11.94765732468,23.251348978704,True
