engine,name,old,new,note
engine_refit2,DDBH_b0,-1.1509411,-0.0289436398354308,
engine_refit2,DHT_b0,-3.6114059,-2.71977559666745,
engine_refit2,DDBH_b1,0.3371168,0.338470268718732,
engine_refit2,DHT_b1,1.1203441,1.13354486286027,
engine_refit2,DDBH_b2,-0.0143456,-0.0172324921350166,
engine_refit2,DHT_b2,-0.1154809,-0.10828768002196,
engine_refit2,DDBH_b3,-0.0017722,-0.00342414489616872,
engine_refit2,DHT_b3,-0.0009067,-0.000252702455801308,
engine_refit2,DDBH_b4,-0.4306515,-0.239369734949266,
engine_refit2,DHT_b4,-0.1332027,-0.11652679312275,
engine_refit2,DDBH_b5,1.2809352,0.899430851896873,
engine_refit2,DHT_b5,-0.5250905,0.260360591825496,
engine_refit2,DDBH_b6,-0.0176013,-0.0143202805857141,
engine_refit2,DHT_b6,0.0379597,0.0292536028533531,
engine_refit2,DDBH_b7,-0.0176238,-0.0220406131909561,
engine_refit2,DHT_b7,-0.124088,-0.116050483635868,
engine_refit2,DDBH_b8,0.3045245,0.129689727330333,
engine_refit2,DHT_b8,0.2232825,0.155406126220152,
engine_refit2,DDBH_b9,0.4103534,-0.0650440494165983,
engine_refit2,DHT_b9,1.0681935,0.798282628703745,
engine_refit2,CAL_DDBH_natural,"(0.40548, 1.43606)",0.3338344262319585,
engine_refit2,CAL_DDBH_planted,"(0.40548, 1.43606)",1.472155293110641,
engine_refit2,CAL_DHT_natural,"(0.51917, 2.64739)",0.2291226135409648,
engine_refit2,CAL_DHT_planted,"(0.51917, 2.64739)",1.3096722117894697,
engine_refit2,CAL_DDBH_SE_LOG_natural,"(0.07956, 0.05225)",0.07956,"PLACEHOLDER: v102 value, no c bootstrap exists for the NO fits"
engine_refit2,CAL_DDBH_SE_LOG_planted,"(0.07956, 0.05225)",0.05225,"PLACEHOLDER: v102 value, no c bootstrap exists for the NO fits"
engine_refit2,CAL_DHT_SE_LOG_natural,"(0.14862, 0.04807)",0.14862,"PLACEHOLDER: v102 value, no c bootstrap exists for the NO fits"
engine_refit2,CAL_DHT_SE_LOG_planted,"(0.14862, 0.04807)",0.04807,"PLACEHOLDER: v102 value, no c bootstrap exists for the NO fits"
engine_refit2,CF_DDBH_MARGINAL,1.36869,1.56025392685074,
engine_refit2,CF_DHT,1.030,2.02681111706053,
engine_refit2,BAL_DEFINITION,percentile,conventional,
engine_refit2,BAL_COHORT_LIN_B_CONVENTIONAL_a0,"(0.773485460160129, -0.0570969153432526)",0.743733501799217,
engine_refit2,BAL_COHORT_LIN_B_CONVENTIONAL_a1,"(0.773485460160129, -0.0570969153432526)",-0.0509419234788266,
engine_refit2,HiGy_cf_ddbh,1.026,1.56025392685074,
engine_refit2,HiGy_cf_dht,1.03,2.02681111706053,
engine_refit2,HiGy_ddbh_planted_trunc_cm,40,45,
engine_refit2,HiGy_dht_planted_term,"sqrt(planted*pmin(ht,20))","planted*pmin(ht,20)",
engine_refit2,HiGy_CAL_DDBH,"none (1,1)","(0.33383, 1.47216)",
engine_refit2,HiGy_CAL_DHT,"none (1,1)","(0.22912, 1.30967)",
engine_refit2,HiGy_ddbh.parm_site,record vector (-2.4704737 ...),refit b0..b9,
engine_refit2,HiGy_dht.parm_site,record vector (-3.382162 ...),refit b0..b9,
engine_refit2,MORT_CAL_natural,2.6462860696589208,2.360331792993119,
engine_refit2,MORT_CAL_SE_LOG_natural,0.1817204503423178,0.1521881284982772,
