"key","Data","Install","Plot","Measure","n_live","BAPH_deposited","BAPH_livelist","ratio","TPH_deposited","TPH_livelist"
"DOFAW|Kulani|12|1994","DOFAW","Kulani","12",1994,11,37.552979898498,18.796502577378,1.99787060086879,545.6,272.8
"DOFAW|Kulani|23|1994","DOFAW","Kulani","23",1994,30,76.0621351844664,38.1282432131064,1.99490269612843,1537.6,744
"DOFAW|Waiakea|24|1968","DOFAW","Waiakea","24",1968,63,14.0017753195934,7.62163202070547,1.83710985804027,4141.6,1562.4
"PSP|101|1|2021","PSP","101","1",2021,11,58.624551810594,29.90641344768,1.96026688098709,1090.32,545.16
"PSP|102|2|2021","PSP","102","2",2021,9,73.483113797478,37.558799508384,1.9564819631968,892.08,446.04
"PSP|104|4|2021","PSP","104","4",2021,13,129.129956903178,65.381082521832,1.97503546779084,1288.56,644.28
"PSP|105|5|2021","PSP","105","5",2021,11,88.217497140696,45.302696889912,1.94729018793449,1040.76,545.16
"PSP|107|7|2021","PSP","107","7",2021,10,79.064428568202,38.392210350648,2.05938725189516,1040.76,495.6
"PSP|108|8|2021","PSP","108","8",2021,14,88.020471437514,44.48808654444,1.97851780722438,1387.68,693.84
"PSP|109|9|2021","PSP","109","9",2021,11,65.373307368138,32.995806056136,1.98126111109145,1090.32,545.16
"PSP|110|10|2021","PSP","110","10",2021,12,61.63351682796,31.5462994308,1.95374791782343,1189.44,594.72
"PSP|111|11|2021","PSP","111","11",2021,10,63.755413684578,32.299253488656,1.97389743719526,991.2,495.6
"PSP|112|12|2021","PSP","112","12",2021,8,54.60892333974,27.789041555352,1.96512439016533,792.96,396.48
"PSP|113|13|2021","PSP","113","13",2021,8,40.112241722784,20.521384501464,1.95465572607552,792.96,396.48
"PSP|114|14|2021","PSP","114","14",2021,15,60.536441668626,30.851537386824,1.96218557634926,1486.8,743.4
"PSP|115|15|2021","PSP","115","15",2021,14,55.854913614192,28.629147398544,1.95098068540569,1387.68,693.84
"PSP|116|16|2021","PSP","116","16",2021,5,30.056817422016,15.556029278328,1.93216513573228,495.6,247.8
"PSP|117|17|2021","PSP","117","17",2021,6,32.908537497528,16.823564221464,1.95609783184602,594.72,297.36
"PSP|118|18|2021","PSP","118","18",2021,7,33.241876533558,17.263721608056,1.92553362990086,693.84,346.92
"PSP|119|19|2021","PSP","119","19",2021,12,36.254286362448,19.175806088208,1.89062645897021,1189.44,594.72
"PSP|120|20|2021","PSP","120","20",2021,11,31.568408503632,16.436538673632,1.92062386920155,1090.32,545.16
"PSP|121|21|2021","PSP","121","21",2021,9,4.2442218819,2.279063949624,1.86226537548462,892.08,446.04
"PSP|122|22|2021","PSP","122","22",2021,5,9.525166603722,5.176442374488,1.84009903223623,495.6,247.8
"PSP|202|2|2017","PSP","202","2",2017,29,30.482845242696,16.101399382992,1.89317987322861,2874.48,1437.24
"PSP|203|3|2017","PSP","203","3",2017,29,35.30075474772,18.411525022968,1.91731834835425,2874.48,1437.24
"PSP|204|4|2017","PSP","204","4",2017,27,31.502587302648,16.230433848552,1.94095780781969,2676.24,1338.12
"PSP|206|6|2017","PSP","206","6",2017,35,33.974560697616,18.0492554088,1.88232477895191,3518.76,1734.6
"PSP|207|7|2017","PSP","207","7",2017,22,20.525549414832,10.922037676704,1.87927839313461,2180.64,1090.32
"PSP|208|8|2017","PSP","208","8",2017,27,23.251348978704,11.94765732468,1.9461010930297,2725.8,1338.12
