"resp","scheme","method","k_natural","k_planted"
"dDBH","in_sample","A0_nlme_level0",0.554975999594817,1.96553094080573
"dDBH","in_sample","AM_nlme_marginal",0.415628857531312,1.43974734333937
"dDBH","in_sample","AL_nlme_lognormalCF",0.405478973457269,1.43606474650846
"dDBH","in_sample","B_gnls",1.12702163702152,1.07611265460651
"dDBH","in_sample","C_loglin_duan",1.00764667435651,0.938598387213872
"dDBH","in_sample","A0_nlme_level0@recordstart",0.708234760536462,1.33557457039904
"dDBH","in_sample","AM_nlme_marginal@recordstart",0.609453812406595,1.14064126595952
"dDBH","in_sample","AL_nlme_lognormalCF@recordstart",0.603936711257412,1.13889145044908
"dDBH","cv10_fold","A0_nlme_level0",1.11098000355131,1.1511249371998
"dDBH","cv10_fold","AM_nlme_marginal",0.955533606561668,0.998145417054265
"dDBH","cv10_fold","AL_nlme_lognormalCF",0.962183015366222,0.996951213881146
"dDBH","cv10_fold","B_gnls",1.1885621832863,1.09154657818588
"dDBH","cv10_fold","C_loglin_duan",1.08912775752928,0.933049318661221
"dDBH","cv10_fold","A0_nlme_level0",0.694120663672829,1.34682804702234
"dDBH","cv10_fold","AM_nlme_marginal",0.590957847784824,1.13491052337985
"dDBH","cv10_fold","AL_nlme_lognormalCF",0.583811154479984,1.13279041839439
"dDBH","cv10_fold","B_gnls",1.12560011520955,1.08231775017146
"dDBH","cv10_fold","C_loglin_duan",1.02341424191739,0.935187694706258
"dDBH","cv10_fold","A0_nlme_level0",0.662577924613864,1.32527814315145
"dDBH","cv10_fold","AM_nlme_marginal",0.574407865744151,1.13867773508523
"dDBH","cv10_fold","AL_nlme_lognormalCF",0.568356991353843,1.13681888600127
"dDBH","cv10_fold","B_gnls",1.14964855489006,1.0944384188349
"dDBH","cv10_fold","C_loglin_duan",1.0077915905694,0.93755055535673
"dDBH","cv10_fold","A0_nlme_level0",0.718936782456016,1.3235362542954
"dDBH","cv10_fold","AM_nlme_marginal",0.636143228591264,1.1618492907228
"dDBH","cv10_fold","AL_nlme_lognormalCF",0.63027384517475,1.16031103788181
"dDBH","cv10_fold","B_gnls",1.13961310574382,1.09418800310545
"dDBH","cv10_fold","C_loglin_duan",1.00016237630155,0.943921323263973
"dDBH","cv10_fold","A0_nlme_level0",0.689385899107738,1.33533258297429
"dDBH","cv10_fold","AM_nlme_marginal",0.592259523222639,1.13288297558335
"dDBH","cv10_fold","AL_nlme_lognormalCF",0.583973346919676,1.13114967790852
"dDBH","cv10_fold","B_gnls",1.1210709169218,1.05836506808315
"dDBH","cv10_fold","C_loglin_duan",0.997798021146485,0.93203793896969
"dDBH","cv10_fold","A0_nlme_level0",0.66211505943372,1.3338838426555
"dDBH","cv10_fold","AM_nlme_marginal",0.567434497489643,1.13030646163071
"dDBH","cv10_fold","AL_nlme_lognormalCF",0.560095063188672,1.12835638533497
"dDBH","cv10_fold","B_gnls",1.12845837297989,1.07203617271029
"dDBH","cv10_fold","C_loglin_duan",1.00124917081324,0.941616131360088
"dDBH","cv10_fold","A0_nlme_level0",0.874089796335678,1.26161518430588
"dDBH","cv10_fold","AM_nlme_marginal",0.759285353902162,1.09677693892129
"dDBH","cv10_fold","AL_nlme_lognormalCF",0.758925145190733,1.09539259117089
"dDBH","cv10_fold","B_gnls",1.0264988325975,1.08463916885466
"dDBH","cv10_fold","C_loglin_duan",1.02295643394723,0.946333070408515
"dDBH","cv10_fold","A0_nlme_level0",0.529089241235357,2.15148758922675
"dDBH","cv10_fold","AM_nlme_marginal",0.372789088965689,1.47653244559944
"dDBH","cv10_fold","AL_nlme_lognormalCF",0.362152326812715,1.47265560480476
"dDBH","cv10_fold","B_gnls",1.17071122629079,1.06703118337875
"dDBH","cv10_fold","C_loglin_duan",1.00533812544589,0.937949980872549
"dDBH","cv10_fold","A0_nlme_level0",0.703332737733615,1.30353987014092
"dDBH","cv10_fold","AM_nlme_marginal",0.609368873586919,1.12181892646092
"dDBH","cv10_fold","AL_nlme_lognormalCF",0.604371624632249,1.12012773872665
"dDBH","cv10_fold","B_gnls",1.12734017380103,1.09426001808799
"dDBH","cv10_fold","C_loglin_duan",1.00496035690362,0.93420806980073
"dDBH","cv10_fold","A0_nlme_level0",0.729245500185441,1.25960526094897
"dDBH","cv10_fold","AM_nlme_marginal",0.624066782176993,1.06562390717867
"dDBH","cv10_fold","AL_nlme_lognormalCF",0.615741598723588,1.06355316137039
"dDBH","cv10_fold","B_gnls",1.12392485161074,1.01991961279727
"dDBH","cv10_fold","C_loglin_duan",0.991414779345655,0.932453843147973
"dDBH","loso_fold","A0_nlme_level0",1.49517296287612,1.12158020206455
"dDBH","loso_fold","AM_nlme_marginal",5.06136917041036e-255,0.95641912936073
"dDBH","loso_fold","AL_nlme_lognormalCF",1.27259659900531,0.954618085063182
"dDBH","loso_fold","B_gnls",1.28364534826822,1.07657455799457
"dDBH","loso_fold","C_loglin_duan",1.15217674017965,0.944774503495263
"dDBH","loso_fold","A0_nlme_level0",0.660418304146055,1.19422083319468
"dDBH","loso_fold","AM_nlme_marginal",0.617121641122891,1.10565406930752
"dDBH","loso_fold","AL_nlme_lognormalCF",0.610751624003733,1.10440959724132
"dDBH","loso_fold","B_gnls",1.15268292816631,1.07611265460651
"dDBH","loso_fold","C_loglin_duan",1.0072350406762,0.938050998194229
"dDBH","loso_fold","A0_nlme_level0",0.748477143379432,1.25039729171192
"dDBH","loso_fold","AM_nlme_marginal",0.649022700780812,1.07759987789879
"dDBH","loso_fold","AL_nlme_lognormalCF",0.644039297899384,1.07592463039475
"dDBH","loso_fold","B_gnls",1.12702163702152,1.03065556052534
"dDBH","loso_fold","C_loglin_duan",0.989057738093178,0.936162492202587
"dDBH","loso_fold","A0_nlme_level0",0.628831098043653,3.91684466252743
"dDBH","loso_fold","AM_nlme_marginal",0.476905413739502,2.57822095170683
"dDBH","loso_fold","AL_nlme_lognormalCF",0.413478443804821,2.57546237888927
"dDBH","loso_fold","B_gnls",1.08121346709705,1.71243187033642
"dDBH","loso_fold","C_loglin_duan",0.999855529637998,0.813804051312472
"dHT","in_sample","A0_nlme_level0",0.534684379720424,2.7270386598513
"dHT","in_sample","AM_nlme_marginal",0.341777882129036,1.54575144821727
"dHT","in_sample","AL_nlme_lognormalCF",0.297209136222643,1.5158490415672
"dHT","in_sample","B_gnls",0.534684379720424,2.7270386598513
"dHT","in_sample","C_loglin_duan",1.04413221233169,0.953774712322972
"dHT","in_sample","A0_nlme_level0@recordstart",0.534747939239246,2.7268120615457
"dHT","in_sample","AM_nlme_marginal@recordstart",0.341786004157578,1.54562265350832
"dHT","in_sample","AL_nlme_lognormalCF@recordstart",0.297245259998378,1.51572713184077
"dHT","cv10_fold","A0_nlme_level0",0.522461439721245,2.50254312957467
"dHT","cv10_fold","AM_nlme_marginal",0.346400866322141,1.50517648859235
"dHT","cv10_fold","AL_nlme_lognormalCF",0.308259722202534,1.47653624032836
"dHT","cv10_fold","B_gnls",0.542585424369786,2.66319606108478
"dHT","cv10_fold","C_loglin_duan",1.03111162923667,0.955774599899269
"dHT","cv10_fold","A0_nlme_level0",0.87272836685804,3.42744259611705
"dHT","cv10_fold","AM_nlme_marginal",0.613055653615775,2.3329582262215
"dHT","cv10_fold","AL_nlme_lognormalCF",0.588142266432279,2.30979527318918
"dHT","cv10_fold","B_gnls",0.577009668215579,2.64095839779036
"dHT","cv10_fold","C_loglin_duan",1.02608415256784,0.958425798188404
"dHT","cv10_fold","A0_nlme_level0",0.463396597647079,3.10047760550532
"dHT","cv10_fold","AM_nlme_marginal",0.281556119932781,1.5456622466014
"dHT","cv10_fold","AL_nlme_lognormalCF",0.225553787234086,1.50912732140687
"dHT","cv10_fold","B_gnls",0.520461321258152,2.75586310826143
"dHT","cv10_fold","C_loglin_duan",1.03240246847059,0.954739962116432
"dHT","cv10_fold","A0_nlme_level0",0.543171969647823,2.75146507092812
"dHT","cv10_fold","AM_nlme_marginal",0.340405576167843,1.53026121165139
"dHT","cv10_fold","AL_nlme_lognormalCF",0.296669321425903,1.50279344504571
"dHT","cv10_fold","B_gnls",0.535248931365156,2.71097763019917
"dHT","cv10_fold","C_loglin_duan",1.04746726993826,0.953551861079732
"dHT","cv10_fold","A0_nlme_level0",0.485022917094639,2.96164750626442
"dHT","cv10_fold","AM_nlme_marginal",0.296316297163215,1.57006353968657
"dHT","cv10_fold","AL_nlme_lognormalCF",0.251530741974967,1.53589731219576
"dHT","cv10_fold","B_gnls",0.490768032294205,2.77362091573314
"dHT","cv10_fold","C_loglin_duan",1.05501056240365,0.954660533004632
"dHT","cv10_fold","A0_nlme_level0",0.53816207342198,2.77152782650028
"dHT","cv10_fold","AM_nlme_marginal",0.335345408852839,1.53248189801716
"dHT","cv10_fold","AL_nlme_lognormalCF",0.291736364023349,1.50243856047197
"dHT","cv10_fold","B_gnls",0.539677786129209,2.72275527271427
"dHT","cv10_fold","C_loglin_duan",1.04512765638164,0.950517761702203
"dHT","cv10_fold","A0_nlme_level0",0.538816357395199,2.65802298594872
"dHT","cv10_fold","AM_nlme_marginal",0.35387392840697,1.56758048201896
"dHT","cv10_fold","AL_nlme_lognormalCF",0.311903413576579,1.53864379079039
"dHT","cv10_fold","B_gnls",0.537059432603453,2.74148969593588
"dHT","cv10_fold","C_loglin_duan",1.0374067061338,0.951530492484578
"dHT","cv10_fold","A0_nlme_level0",1.42448105840621,1.1389651587645
"dHT","cv10_fold","AM_nlme_marginal",1.37110943369223,1.09821913052698
"dHT","cv10_fold","AL_nlme_lognormalCF",1.37139732132266,1.09652126196546
"dHT","cv10_fold","B_gnls",0.537000721517413,2.72763156020916
"dHT","cv10_fold","C_loglin_duan",1.08732641115785,0.953916616703352
"dHT","cv10_fold","A0_nlme_level0",0.539944371581156,2.6781008884716
"dHT","cv10_fold","AM_nlme_marginal",0.350816725710326,1.561031500471
"dHT","cv10_fold","AL_nlme_lognormalCF",0.308872497922676,1.53199432135729
"dHT","cv10_fold","B_gnls",0.535689120124352,2.78455005233231
"dHT","cv10_fold","C_loglin_duan",1.03875430463106,0.951295786268448
"dHT","cv10_fold","A0_nlme_level0",1.10906024864793,1.27963598780162
"dHT","cv10_fold","AM_nlme_marginal",1.00790809568513,1.16546366428746
"dHT","cv10_fold","AL_nlme_lognormalCF",1.00619319084534,1.16094776569291
"dHT","cv10_fold","B_gnls",0.522859790529981,2.74439826843273
"dHT","cv10_fold","C_loglin_duan",1.05703552517349,0.954349979043417
"dHT","loso_fold","A0_nlme_level0",1.56570069594397,1.12720440576168
"dHT","loso_fold","AM_nlme_marginal",1.53896458151492,1.1071327493824
"dHT","loso_fold","AL_nlme_lognormalCF",1.53675131812392,1.10636270446631
"dHT","loso_fold","B_gnls",0.472299899887451,2.74999317551575
"dHT","loso_fold","C_loglin_duan",1.34937838668886,0.963003439326684
"dHT","loso_fold","A0_nlme_level0",0.368234203258771,1.75663730429926
"dHT","loso_fold","AM_nlme_marginal",0.278568866808718,1.21253336798124
"dHT","loso_fold","AL_nlme_lognormalCF",0.250342037459801,1.19424039902978
"dHT","loso_fold","B_gnls",0.557552962595412,2.7270386598513
"dHT","loso_fold","C_loglin_duan",1.01165525339421,0.957360043273641
"dHT","loso_fold","A0_nlme_level0",0.816766134391371,3.7661379974443
"dHT","loso_fold","AM_nlme_marginal",0.565402348594002,2.5034047661975
"dHT","loso_fold","AL_nlme_lognormalCF",0.53729060105738,2.47746626985183
"dHT","loso_fold","B_gnls",0.534684379720424,2.63753593881209
"dHT","loso_fold","C_loglin_duan",1.03029022051464,0.956367468948681
"dHT","loso_fold","A0_nlme_level0",0.602621680513349,4.72211970648833
"dHT","loso_fold","AM_nlme_marginal",0.378286329071128,2.6701904299775
"dHT","loso_fold","AL_nlme_lognormalCF",0.332742512229898,2.6073571943989
"dHT","loso_fold","B_gnls",1.20844638030551,1.16186970076502
"dHT","loso_fold","C_loglin_duan",1.00643020796988,0.849943661833602
