model,scheme,rep,subset,R2,RMSE,bias,n,boot_lo_R2,boot_hi_R2,boot_lo_RMSE,boot_hi_RMSE
Kona,"Out-of-bag (refit, seed 42)",1,all,0.299038614272826,219.320150295412,3.10097606597868,582,,,,
Kona,"Out-of-bag (refit, seed 42)",1,BYI > 0,-0.477625409224535,280.979098372314,-152.699695727518,235,,,,
Kona,"Out-of-bag (refit, seed 42)",1,BYI = 0,-Inf,164.954787804429,108.614399326704,347,,,,
Kona,Random 10-fold,1,all,0.296312142772404,219.746272055308,4.72818470671498,582,0.205585103624336,0.402319670287794,188.043712480639,260.367179854118
Kona,Random 10-fold,1,BYI > 0,-0.471256593008277,280.372910680736,-151.415041890274,235,-0.963554048543396,-0.26246881243703,221.916697940161,355.862129820856
Kona,Random 10-fold,1,BYI = 0,-Inf,166.596330802599,110.473597531765,347,,,,
Kona,Random 10-fold,2,all,0.286520069130265,221.26991468931,1.9103646579067,582,,,,
Kona,Random 10-fold,2,BYI > 0,-0.518025458670518,284.794348487016,-155.853224460209,235,,,,
Kona,Random 10-fold,2,BYI = 0,-Inf,164.891025202559,108.753141150003,347,,,,
Kona,Random 10-fold,3,all,0.28192541880092,221.981235589527,2.3090214713441,582,,,,
Kona,Random 10-fold,3,BYI > 0,-0.52879616324756,285.802900079434,-155.503115965027,235,,,,
Kona,Random 10-fold,3,BYI = 0,-Inf,165.312248196359,109.184676507503,347,,,,
Kona,Random 10-fold,4,all,0.31091317343343,217.454531041147,2.05534166146628,582,,,,
Kona,Random 10-fold,4,BYI > 0,-0.470681384460673,280.318097447759,-155.184689023341,235,,,,
Kona,Random 10-fold,4,BYI = 0,-Inf,161.538371028068,108.543546880284,347,,,,
Kona,Random 10-fold,5,all,0.304466734810818,218.469311753134,2.13959411688068,582,,,,
Kona,Random 10-fold,5,BYI > 0,-0.487687265529242,281.934135664753,-153.159507462444,235,,,,
Kona,Random 10-fold,5,BYI = 0,-Inf,161.929767597569,107.31333726138,347,,,,
Kona,Random 10-fold,6,all,0.29862438979443,219.384942992506,5.41353992663478,582,,,,
Kona,Random 10-fold,6,BYI > 0,-0.465343322946267,279.808906420534,-150.188006963622,235,,,,
Kona,Random 10-fold,6,BYI = 0,-Inf,166.439712262916,110.792109146261,347,,,,
Kona,Random 10-fold,7,all,0.315595842288657,216.714418674241,5.87916279657527,582,,,,
Kona,Random 10-fold,7,BYI > 0,-0.43863899084774,277.247572689109,-146.029500377598,235,,,,
Kona,Random 10-fold,7,BYI = 0,-Inf,163.447637298218,108.756787712802,347,,,,
Kona,Random 10-fold,8,all,0.299014717893648,219.323888670245,3.67558798953417,582,,,,
Kona,Random 10-fold,8,BYI > 0,-0.470854086281378,280.334555813645,-152.89216706939,235,,,,
Kona,Random 10-fold,8,BYI = 0,-Inf,165.704100796914,109.708505680736,347,,,,
Kona,Random 10-fold,9,all,0.301332039545062,218.961067407331,2.82959162379315,582,,,,
Kona,Random 10-fold,9,BYI > 0,-0.508551371337573,283.904248272615,-152.588095237997,235,,,,
Kona,Random 10-fold,9,BYI = 0,-Inf,160.708061585923,108.083644685813,347,,,,
Kona,Random 10-fold,10,all,0.293537422301744,220.17908796392,3.01579411088466,582,,,,
Kona,Random 10-fold,10,BYI > 0,-0.483074041390525,281.496666296714,-154.194967172334,235,,,,
Kona,Random 10-fold,10,BYI = 0,-Inf,166.271121819149,109.484177112488,347,,,,
Kona,"Spatial blocks 5 km, 10 folds",1,all,0.293093104617771,220.248316036503,2.18145215135858,582,0.231595609138156,0.364383139233025,189.540702743743,258.105395262957
Kona,"Spatial blocks 5 km, 10 folds",1,BYI > 0,-0.511967093646745,284.225480211931,-156.182421145876,235,-1.04418933263341,-0.276619907268412,214.053420414867,370.830404311899
Kona,"Spatial blocks 5 km, 10 folds",1,BYI = 0,-Inf,163.253622551566,109.430761156691,347,,,,
Kona,"Spatial blocks 5 km, 10 folds",2,all,0.278339727058952,222.534774963549,3.23363259493069,582,,,,
Kona,"Spatial blocks 5 km, 10 folds",2,BYI > 0,-0.549829712698385,287.762256681904,-154.687654273608,235,,,,
Kona,"Spatial blocks 5 km, 10 folds",2,BYI = 0,-Inf,164.255127909948,110.183207275353,347,,,,
Kona,"Spatial blocks 5 km, 10 folds",3,all,0.28848833630345,220.964496785989,2.88521506705826,582,,,,
Kona,"Spatial blocks 5 km, 10 folds",3,BYI > 0,-0.490274669181577,282.179200782192,-156.228373736698,235,,,,
Kona,"Spatial blocks 5 km, 10 folds",3,BYI = 0,-Inf,167.232352524417,110.642256475942,347,,,,
Kona,"Spatial blocks 5 km, 10 folds",4,all,0.289607852219005,220.790591939101,5.04520838071081,582,,,,
Kona,"Spatial blocks 5 km, 10 folds",4,BYI > 0,-0.496062968367381,282.726668559033,-153.031059465253,235,,,,
Kona,"Spatial blocks 5 km, 10 folds",4,BYI = 0,-Inf,166.217816651219,112.099741359966,347,,,,
Kona,"Spatial blocks 5 km, 10 folds",5,all,0.2784116750306,222.523681568663,0.756188697332853,582,,,,
Kona,"Spatial blocks 5 km, 10 folds",5,BYI > 0,-0.513482043087971,284.367837618087,-162.268266406315,235,,,,
Kona,"Spatial blocks 5 km, 10 folds",5,BYI = 0,-Inf,168.186464673148,111.161799502397,347,,,,
Kona,"Spatial blocks 5 km, 10 folds",6,all,0.309408894585248,217.691753631748,3.78037402180067,582,,,,
Kona,"Spatial blocks 5 km, 10 folds",6,BYI > 0,-0.457867416722124,279.094227490134,-152.065606471194,235,,,,
Kona,"Spatial blocks 5 km, 10 folds",6,BYI = 0,-Inf,163.497543623147,109.324481848468,347,,,,
Kona,"Spatial blocks 5 km, 10 folds",7,all,0.324597411837586,215.284542220982,1.96172360495034,582,,,,
Kona,"Spatial blocks 5 km, 10 folds",7,BYI > 0,-0.443597802834454,277.724980824554,-152.230619773153,235,,,,
Kona,"Spatial blocks 5 km, 10 folds",7,BYI = 0,-Inf,159.686137479124,106.385933097326,347,,,,
Kona,"Spatial blocks 5 km, 10 folds",8,all,0.311629119969834,217.341536370589,3.64165627905741,582,,,,
Kona,"Spatial blocks 5 km, 10 folds",8,BYI > 0,-0.446971778294099,278.049340696888,-153.738997979371,235,,,,
Kona,"Spatial blocks 5 km, 10 folds",8,BYI = 0,-Inf,163.921208754669,110.225096482892,347,,,,
Kona,"Spatial blocks 5 km, 10 folds",9,all,0.292531791711278,220.335741757986,3.69072482317754,582,,,,
Kona,"Spatial blocks 5 km, 10 folds",9,BYI > 0,-0.479007535299977,281.11047732877,-153.908238929156,235,,,,
Kona,"Spatial blocks 5 km, 10 folds",9,BYI = 0,-Inf,167.059789680552,110.422011514239,347,,,,
Kona,"Spatial blocks 5 km, 10 folds",10,all,0.301834392940269,218.882335004274,3.4971742623702,582,,,,
Kona,"Spatial blocks 5 km, 10 folds",10,BYI > 0,-0.471633839836316,280.408853769267,-156.089194332121,235,,,,
Kona,"Spatial blocks 5 km, 10 folds",10,BYI = 0,-Inf,164.636276504362,111.574397950282,347,,,,
Kona,"Spatial blocks 10 km, 10 folds",1,all,0.247318589770474,227.267368112796,4.15535171601478,582,0.135871064307939,0.368329982901607,185.453457011074,275.149681192108
Kona,"Spatial blocks 10 km, 10 folds",1,BYI > 0,-0.617343222422184,293.963179279781,-159.383579203032,235,-1.23975556536625,-0.412856931246194,229.087175011361,377.681669592506
Kona,"Spatial blocks 10 km, 10 folds",1,BYI = 0,-Inf,167.651976861434,114.909382741882,347,,,,
Kona,"Spatial blocks 10 km, 10 folds",2,all,0.234223593635949,229.23581878452,3.31753475447012,582,,,,
Kona,"Spatial blocks 10 km, 10 folds",2,BYI > 0,-0.645612804563243,296.521144851906,-161.347013655029,235,,,,
Kona,"Spatial blocks 10 km, 10 folds",2,BYI = 0,-Inf,169.0900190086,114.833871573583,347,,,,
Kona,"Spatial blocks 10 km, 10 folds",3,all,0.320535417886433,215.930951958955,4.6557946708672,582,,,,
Kona,"Spatial blocks 10 km, 10 folds",3,BYI > 0,-0.452616222695778,278.591129592708,-152.883206539461,235,,,,
Kona,"Spatial blocks 10 km, 10 folds",3,BYI = 0,-Inf,160.127608788922,111.346472723971,347,,,,
Kona,"Spatial blocks 10 km, 10 folds",4,all,0.304495628114986,218.464773964541,1.62981997520699,582,,,,
Kona,"Spatial blocks 10 km, 10 folds",4,BYI > 0,-0.528148474269891,285.742352112733,-155.610447082605,235,,,,
Kona,"Spatial blocks 10 km, 10 folds",4,BYI = 0,-Inf,157.333585957914,108.118185273725,347,,,,
Kona,"Spatial blocks 10 km, 10 folds",5,all,0.279285696730588,222.38887516352,5.78979927718899,582,,,,
Kona,"Spatial blocks 10 km, 10 folds",5,BYI > 0,-0.516064938287052,284.610384010851,-158.650468804423,235,,,,
Kona,"Spatial blocks 10 km, 10 folds",5,BYI = 0,-Inf,167.60856393286,117.154245960701,347,,,,
Kona,"Spatial blocks 10 km, 10 folds",6,all,0.270067877616652,223.80651554998,3.73013117864352,582,,,,
Kona,"Spatial blocks 10 km, 10 folds",6,BYI > 0,-0.540394598009991,286.88499425551,-160.822255486012,235,,,,
Kona,"Spatial blocks 10 km, 10 folds",6,BYI = 0,-Inf,168.146365182136,115.17050831465,347,,,,
Kona,"Spatial blocks 10 km, 10 folds",7,all,0.247039190975657,227.309545544226,7.3774919104861,582,,,,
Kona,"Spatial blocks 10 km, 10 folds",7,BYI > 0,-0.591814294930938,291.633922707749,-158.327115234984,235,,,,
Kona,"Spatial blocks 10 km, 10 folds",7,BYI = 0,-Inf,170.47901086106,119.598191274133,347,,,,
Kona,"Spatial blocks 10 km, 10 folds",8,all,0.271705219112191,223.555359714383,1.36544878104879,582,,,,
Kona,"Spatial blocks 10 km, 10 folds",8,BYI > 0,-0.537689394086062,286.632973297043,-165.308359401065,235,,,,
Kona,"Spatial blocks 10 km, 10 folds",8,BYI = 0,-Inf,167.876849591914,114.242523486515,347,,,,
Kona,"Spatial blocks 10 km, 10 folds",9,all,0.275152021413874,223.025721846782,5.62504099094878,582,,,,
Kona,"Spatial blocks 10 km, 10 folds",9,BYI > 0,-0.531250268341629,286.032201119769,-156.91464487851,235,,,,
Kona,"Spatial blocks 10 km, 10 folds",9,BYI = 0,-Inf,167.388539525533,115.702349865078,347,,,,
Kona,"Spatial blocks 10 km, 10 folds",10,all,0.246451707878126,227.398205190498,-1.1096925408501,582,,,,
Kona,"Spatial blocks 10 km, 10 folds",10,BYI > 0,-0.645570678363395,296.517349491019,-167.540043857506,235,,,,
Kona,"Spatial blocks 10 km, 10 folds",10,BYI = 0,-Inf,164.880453489868,111.602505036712,347,,,,
Kona,"Spatial blocks 20 km, 10 folds",1,all,0.217378831946013,231.743351136294,9.25657907068295,582,0.097788940429854,0.369546433265827,184.933340337263,274.530720928915
Kona,"Spatial blocks 20 km, 10 folds",1,BYI > 0,-0.604103293418511,292.757482913493,-159.691533319329,235,-1.15508824792029,-0.371031167473271,223.519955102751,337.110725871053
Kona,"Spatial blocks 20 km, 10 folds",1,BYI = 0,-Inf,178.975366019977,123.673888614351,347,,,,
Kona,"Spatial blocks 20 km, 10 folds",2,all,0.228260605604195,230.126600820492,3.49484647967925,582,,,,
Kona,"Spatial blocks 20 km, 10 folds",2,BYI > 0,-0.636060650430691,295.659296330492,-170.315359984581,235,,,,
Kona,"Spatial blocks 20 km, 10 folds",2,BYI = 0,-Inf,172.114450861278,121.204928667291,347,,,,
Kona,"Spatial blocks 20 km, 10 folds",3,all,0.250265240664026,226.822070609947,9.68329082064951,582,,,,
Kona,"Spatial blocks 20 km, 10 folds",3,BYI > 0,-0.559089745752338,288.620647620415,-152.300668039078,235,,,,
Kona,"Spatial blocks 20 km, 10 folds",3,BYI = 0,-Inf,172.846495454736,119.384242786171,347,,,,
Kona,"Spatial blocks 20 km, 10 folds",4,all,0.24245808818151,227.999986062826,-0.169994029384858,582,,,,
Kona,"Spatial blocks 20 km, 10 folds",4,BYI > 0,-0.636815505993909,295.727495002555,-174.163754686995,235,,,,
Kona,"Spatial blocks 20 km, 10 folds",4,BYI = 0,-Inf,167.218452313594,117.664397194069,347,,,,
Kona,"Spatial blocks 20 km, 10 folds",5,all,0.265196345219577,224.552110642004,5.16126163891227,582,,,,
Kona,"Spatial blocks 20 km, 10 folds",5,BYI > 0,-0.537916507928459,286.65414009205,-163.267744300874,235,,,,
Kona,"Spatial blocks 20 km, 10 folds",5,BYI = 0,-Inf,170.069272728658,119.227014941073,347,,,,
Kona,"Spatial blocks 20 km, 10 folds",6,all,0.298630629441144,219.383967133378,2.68676014956703,582,,,,
Kona,"Spatial blocks 20 km, 10 folds",6,BYI > 0,-0.504723732462353,283.54384519232,-159.819073524813,235,,,,
Kona,"Spatial blocks 20 km, 10 folds",6,BYI = 0,-Inf,162.100280415654,112.74114318553,347,,,,
Kona,"Spatial blocks 20 km, 10 folds",7,all,0.250540353446215,226.780450973333,3.29072207159258,582,,,,
Kona,"Spatial blocks 20 km, 10 folds",7,BYI > 0,-0.593746185044177,291.810838399089,-168.606934112935,235,,,,
Kona,"Spatial blocks 20 km, 10 folds",7,BYI = 0,-Inf,169.086434784209,119.705561274371,347,,,,
Kona,"Spatial blocks 20 km, 10 folds",8,all,0.248319577193939,227.116196940275,11.5466773191079,582,,,,
Kona,"Spatial blocks 20 km, 10 folds",8,BYI > 0,-0.555884616344641,288.323826206471,-149.934046130796,235,,,,
Kona,"Spatial blocks 20 km, 10 folds",8,BYI = 0,-Inf,173.826991607546,120.906821442242,347,,,,
Kona,"Spatial blocks 20 km, 10 folds",9,all,0.234078169926598,229.257584106803,21.8011781430907,582,,,,
Kona,"Spatial blocks 20 km, 10 folds",9,BYI > 0,-0.535473881686329,286.426407583614,-132.293717970884,235,,,,
Kona,"Spatial blocks 20 km, 10 folds",9,BYI = 0,-Inf,180.536670089646,126.159393090595,347,,,,
Kona,"Spatial blocks 20 km, 10 folds",10,all,0.22971489687993,229.909669479821,9.69635427661945,582,,,,
Kona,"Spatial blocks 20 km, 10 folds",10,BYI > 0,-0.583993641990509,290.916635527007,-156.064614687253,235,,,,
Kona,"Spatial blocks 20 km, 10 folds",10,BYI = 0,-Inf,177.031124340075,121.95522374783,347,,,,
Kona,"Leave one region out (k-means, 4 regions)",1,all,0.144797602551325,242.251203041881,38.1573848421283,582,0.0787805306902444,0.224252350362735,188.511951494967,293.016896194151
Kona,"Leave one region out (k-means, 4 regions)",1,BYI > 0,-0.537363071041916,286.602557561687,-140.628221500493,235,-2.76087748647785,-0.0976468393626733,255.295543323288,303.964398871362
Kona,"Leave one region out (k-means, 4 regions)",1,BYI = 0,-Inf,206.883729462617,159.236974151973,347,,,,
Kona,"Leave one region out (k-means, 4 regions)",2,all,0.137021574236346,243.350059591996,38.2694251317139,582,,,,
Kona,"Leave one region out (k-means, 4 regions)",2,BYI > 0,-0.534923265173044,286.375047136211,-143.363195035868,235,,,,
Kona,"Leave one region out (k-means, 4 regions)",2,BYI = 0,-Inf,209.246607151711,161.277107377771,347,,,,
Kona,"Leave one region out (k-means, 4 regions)",3,all,0.139382320798297,243.016979860781,38.9952541549909,582,,,,
Kona,"Leave one region out (k-means, 4 regions)",3,BYI > 0,-0.530011253209379,285.916455851863,-140.863026617179,235,,,,
Kona,"Leave one region out (k-means, 4 regions)",3,BYI = 0,-Inf,209.021938919691,160.801294447382,347,,,,
Kona,"Leave one region out (k-means, 4 regions)",4,all,0.13602179823112,243.490981495957,38.6117721487762,582,,,,
Kona,"Leave one region out (k-means, 4 regions)",4,BYI > 0,-0.538099176903268,286.671163533454,-141.406061095105,235,,,,
Kona,"Leave one region out (k-means, 4 regions)",4,BYI = 0,-Inf,209.246966974734,160.525866708753,347,,,,
Kona,"Leave one region out (k-means, 4 regions)",5,all,0.138798341496334,243.099416477607,39.2279621893606,582,,,,
Kona,"Leave one region out (k-means, 4 regions)",5,BYI > 0,-0.537346896743791,286.601049912815,-140.369928629645,235,,,,
Kona,"Leave one region out (k-means, 4 regions)",5,BYI = 0,-Inf,208.547231508803,160.857657700791,347,,,,
Kona,"Leave one region out (k-means, 4 regions)",6,all,0.140367829774359,242.877798420112,39.4409347288457,582,,,,
Kona,"Leave one region out (k-means, 4 regions)",6,BYI > 0,-0.531115609325448,286.019623926337,-137.944165706959,235,,,,
Kona,"Leave one region out (k-means, 4 regions)",6,BYI = 0,-Inf,208.65469862887,159.572054620529,347,,,,
Kona,"Leave one region out (k-means, 4 regions)",7,all,0.141037530431765,242.783172416905,37.8651794960792,582,,,,
Kona,"Leave one region out (k-means, 4 regions)",7,BYI > 0,-0.534141123349965,286.302074614521,-142.423144188112,235,,,,
Kona,"Leave one region out (k-means, 4 regions)",7,BYI = 0,-Inf,208.207174405945,159.962459224566,347,,,,
Kona,"Leave one region out (k-means, 4 regions)",8,all,0.145230211110988,242.1899232787,38.4765339675762,582,,,,
Kona,"Leave one region out (k-means, 4 regions)",8,BYI > 0,-0.518634795459445,284.851501106549,-141.856917060449,235,,,,
Kona,"Leave one region out (k-means, 4 regions)",8,BYI = 0,-Inf,208.395678753608,160.604375441887,347,,,,
Kona,"Leave one region out (k-means, 4 regions)",9,all,0.146890993697385,241.954526345503,37.4164634440012,582,,,,
Kona,"Leave one region out (k-means, 4 regions)",9,BYI > 0,-0.529611555609422,285.87910724233,-142.88646235219,235,,,,
Kona,"Leave one region out (k-means, 4 regions)",9,BYI = 0,-Inf,206.979281639031,159.523632210874,347,,,,
Kona,"Leave one region out (k-means, 4 regions)",10,all,0.139792366104978,242.959079676583,38.6874600604925,582,,,,
Kona,"Leave one region out (k-means, 4 regions)",10,BYI > 0,-0.527706465996302,285.701024447221,-140.484646620289,235,,,,
Kona,"Leave one region out (k-means, 4 regions)",10,BYI = 0,-Inf,209.10852267936,160.028800319811,347,,,,
Kona,"Leave one region out (k-means, 8 regions)",1,all,0.215989130869544,231.949013311424,15.9521949872675,582,0.111980126144528,0.283028005896777,190.587304012721,279.779349567317
Kona,"Leave one region out (k-means, 8 regions)",1,BYI > 0,-0.583779287511859,290.896950664667,-165.113876070784,235,-2.20537871730047,-0.233880395033545,225.48311395571,354.920944341945
Kona,"Leave one region out (k-means, 8 regions)",1,BYI = 0,-Inf,181.459478743742,138.576191236957,347,,,,
Kona,"Leave one region out (k-means, 8 regions)",2,all,0.220369547857783,231.300134188947,18.7934089234989,582,,,,
Kona,"Leave one region out (k-means, 8 regions)",2,BYI > 0,-0.544285970424674,287.24713269424,-161.917456429953,235,,,,
Kona,"Leave one region out (k-means, 8 regions)",2,BYI = 0,-Inf,183.990278424429,141.176847995721,347,,,,
Kona,"Leave one region out (k-means, 8 regions)",3,all,0.213916466448674,232.255409031236,16.8094608104091,582,,,,
Kona,"Leave one region out (k-means, 8 regions)",3,BYI > 0,-0.566547312921678,289.310101231265,-164.982887893564,235,,,,
Kona,"Leave one region out (k-means, 8 regions)",3,BYI = 0,-Inf,183.819545765052,139.925316560938,347,,,,
Kona,"Leave one region out (k-means, 8 regions)",4,all,0.208192029938814,233.099543002664,17.6110146572176,582,,,,
Kona,"Leave one region out (k-means, 8 regions)",4,BYI > 0,-0.57475584956016,290.067087544613,-163.529875714225,235,,,,
Kona,"Leave one region out (k-means, 8 regions)",4,BYI = 0,-Inf,184.801131009436,140.285681047099,347,,,,
Kona,"Leave one region out (k-means, 8 regions)",5,all,0.213335368937091,232.341238400171,17.7979830941852,582,,,,
Kona,"Leave one region out (k-means, 8 regions)",5,BYI > 0,-0.563102827403691,288.991862250525,-161.750204278667,235,,,,
Kona,"Leave one region out (k-means, 8 regions)",5,BYI = 0,-Inf,184.339750644158,139.394017770324,347,,,,
Kona,"Leave one region out (k-means, 8 regions)",6,all,0.216596676102781,231.859124998748,16.7274990274455,582,,,,
Kona,"Leave one region out (k-means, 8 regions)",6,BYI > 0,-0.573188484200391,289.922698721309,-162.789372492157,235,,,,
Kona,"Leave one region out (k-means, 8 regions)",6,BYI = 0,-Inf,182.320705009995,138.302325560894,347,,,,
Kona,"Leave one region out (k-means, 8 regions)",7,all,0.19077672296101,235.649037878674,24.0355893062173,582,,,,
Kona,"Leave one region out (k-means, 8 regions)",7,BYI > 0,-0.561461495544528,288.840094841085,-155.785026357694,235,,,,
Kona,"Leave one region out (k-means, 8 regions)",7,BYI = 0,-Inf,191.4077372931,145.816121528174,347,,,,
Kona,"Leave one region out (k-means, 8 regions)",8,all,0.198049079733579,234.587778543566,23.7778328054409,582,,,,
Kona,"Leave one region out (k-means, 8 regions)",8,BYI > 0,-0.553000458546785,288.056467967487,-155.756257059392,235,,,,
Kona,"Leave one region out (k-means, 8 regions)",8,BYI = 0,-Inf,190.015967679099,145.364320177878,347,,,,
Kona,"Leave one region out (k-means, 8 regions)",9,all,0.192663237359455,235.374197354352,24.9788745824057,582,,,,
Kona,"Leave one region out (k-means, 8 regions)",9,BYI > 0,-0.561515865293824,288.845123471918,-154.238980581738,235,,,,
Kona,"Leave one region out (k-means, 8 regions)",9,BYI = 0,-Inf,190.834551816914,146.351197244001,347,,,,
Kona,"Leave one region out (k-means, 8 regions)",10,all,0.219804060327995,231.384003175868,18.6867899673884,582,,,,
Kona,"Leave one region out (k-means, 8 regions)",10,BYI > 0,-0.549701355831685,287.750340202914,-162.399400353443,235,,,,
Kona,"Leave one region out (k-means, 8 regions)",10,BYI = 0,-Inf,183.634295715469,141.324411654406,347,,,,
Kona trained on BYI > 0,Out-of-bag,1,BYI > 0,0.113709159758628,217.61056157912,4.47308285099472,235,,,,
Kona trained on BYI > 0,"Spatial blocks 10 km, 10 folds",1,BYI > 0,0.142973083437399,213.987827815922,1.77986127780574,235,,,,
Kona trained on BYI > 0,"Spatial blocks 10 km, 10 folds",2,BYI > 0,0.0559749929280107,224.586469808569,7.92342330847551,235,,,,
Kona trained on BYI > 0,"Spatial blocks 10 km, 10 folds",3,BYI > 0,0.109393903702043,218.13967967302,-0.356365823640552,235,,,,
Kona trained on BYI > 0,"Spatial blocks 10 km, 10 folds",4,BYI > 0,0.0767105574344583,222.106247154319,6.06724170941109,235,,,,
Kona trained on BYI > 0,"Spatial blocks 10 km, 10 folds",5,BYI > 0,0.0888555556186262,220.640612777327,6.41986541468149,235,,,,
Kona trained on BYI > 0,"Spatial blocks 10 km, 10 folds",6,BYI > 0,0.0888086443008567,220.646292671848,4.42148819824475,235,,,,
Kona trained on BYI > 0,"Spatial blocks 10 km, 10 folds",7,BYI > 0,0.0754201441771814,222.261403684641,6.33168775952517,235,,,,
Kona trained on BYI > 0,"Spatial blocks 10 km, 10 folds",8,BYI > 0,0.0696986137314944,222.948047506097,3.10415501092175,235,,,,
Kona trained on BYI > 0,"Spatial blocks 10 km, 10 folds",9,BYI > 0,0.0409684644085718,226.364481486317,8.04013078280467,235,,,,
Kona trained on BYI > 0,"Spatial blocks 10 km, 10 folds",10,BYI > 0,0.0834646880015854,221.292370116048,5.25560154520229,235,,,,
Kona trained on BYI > 0,"Spatial blocks 20 km, 10 folds",1,BYI > 0,-0.014514053787692,232.820315300553,3.15430335580102,235,,,,
Kona trained on BYI > 0,"Spatial blocks 20 km, 10 folds",2,BYI > 0,0.0929787923637388,220.140809997069,1.49864725466744,235,,,,
Kona trained on BYI > 0,"Spatial blocks 20 km, 10 folds",3,BYI > 0,0.0446826422560958,225.92571929643,0.564477961251627,235,,,,
Kona trained on BYI > 0,"Spatial blocks 20 km, 10 folds",4,BYI > 0,0.0326108768638709,227.348681199676,8.1765928686705,235,,,,
Kona trained on BYI > 0,"Spatial blocks 20 km, 10 folds",5,BYI > 0,0.0919499287389291,220.26563104652,7.31871393598976,235,,,,
Kona trained on BYI > 0,"Spatial blocks 20 km, 10 folds",6,BYI > 0,-0.100800608757367,242.519223921296,33.7851377854516,235,,,,
Kona trained on BYI > 0,"Spatial blocks 20 km, 10 folds",7,BYI > 0,0.0733697855716354,222.507711890806,8.48199773833609,235,,,,
Kona trained on BYI > 0,"Spatial blocks 20 km, 10 folds",8,BYI > 0,-0.0606701839791841,238.057582865471,17.0639518681558,235,,,,
Kona trained on BYI > 0,"Spatial blocks 20 km, 10 folds",9,BYI > 0,0.031941685068667,227.427301874058,8.68882776119406,235,,,,
Kona trained on BYI > 0,"Spatial blocks 20 km, 10 folds",10,BYI > 0,0.0745037722724425,222.371520546402,6.12803272619854,235,,,,
Statewide,"Out-of-bag (refit, seed 42)",1,all,0.325835758578905,198.204085309993,-0.330910356360969,581,,,,
Statewide,"Out-of-bag (refit, seed 42)",1,BYI > 0,-0.849034580321738,246.558034354586,-150.978670875882,234,,,,
Statewide,"Out-of-bag (refit, seed 42)",1,BYI = 0,-Inf,157.423794139678,101.258645728849,347,,,,
Statewide,Random 10-fold,1,all,0.324416314148201,198.412633712705,-0.484059003051191,581,0.239719409858701,0.408806141355337,182.714721255253,213.535206420858
Statewide,Random 10-fold,1,BYI > 0,-0.869226085872713,247.900589186333,-151.361310125213,234,-1.30497975900356,-0.531479472662979,222.342207487607,272.432654999143
Statewide,Random 10-fold,1,BYI = 0,-Inf,156.438751060122,101.260254433795,347,,,,
Statewide,Random 10-fold,2,all,0.327784299718516,197.917442782859,-1.29644929895977,581,,,,
Statewide,Random 10-fold,2,BYI > 0,-0.869580756664366,247.924106653964,-150.879675439889,234,,,,
Statewide,Random 10-fold,2,BYI = 0,-Inf,155.35962429827,99.5752363407448,347,,,,
Statewide,Random 10-fold,3,all,0.3294579544205,197.670905922785,-0.140571063528143,581,,,,
Statewide,Random 10-fold,3,BYI > 0,-0.818888149425065,244.539848652046,-151.524637949083,234,,,,
Statewide,Random 10-fold,3,BYI = 0,-Inf,158.420988057794,101.945514386673,347,,,,
Statewide,Random 10-fold,4,all,0.331143604713457,197.422290870569,-1.2312245561974,581,,,,
Statewide,Random 10-fold,4,BYI > 0,-0.848886723457613,246.548176229978,-153.081064347735,234,,,,
Statewide,Random 10-fold,4,BYI = 0,-Inf,155.780790273113,101.16895559141,347,,,,
Statewide,Random 10-fold,5,all,0.314490251500199,199.864914784084,0.723599906366309,581,,,,
Statewide,Random 10-fold,5,BYI > 0,-0.866944654816868,247.749258968806,-151.825690845218,234,,,,
Statewide,Random 10-fold,5,BYI = 0,-Inf,159.662541222257,103.595455917521,347,,,,
Statewide,Random 10-fold,6,all,0.311254956646407,200.335995455249,-0.244901463258013,581,,,,
Statewide,Random 10-fold,6,BYI > 0,-0.868253019383787,247.836055752017,-153.409701790553,234,,,,
Statewide,Random 10-fold,6,BYI = 0,-Inf,160.55771557297,103.042024405869,347,,,,
Statewide,Random 10-fold,7,all,0.329135448579025,197.718436393666,-0.86748864766456,581,,,,
Statewide,Random 10-fold,7,BYI > 0,-0.832744526001511,245.469539512697,-153.378569100927,234,,,,
Statewide,Random 10-fold,7,BYI = 0,-Inf,157.548309615686,101.978600188253,347,,,,
Statewide,Random 10-fold,8,all,0.327286079696335,197.990773537147,0.260521079372168,581,,,,
Statewide,Random 10-fold,8,BYI > 0,-0.829294360768433,245.238380882957,-150.485316543438,234,,,,
Statewide,Random 10-fold,8,BYI = 0,-Inf,158.361615264061,101.916215614639,347,,,,
Statewide,Random 10-fold,9,all,0.338703741020938,196.30338028099,-1.36177040824763,581,,,,
Statewide,Random 10-fold,9,BYI > 0,-0.851534659926054,246.724663604437,-151.616327653756,234,,,,
Statewide,Random 10-fold,9,BYI = 0,-Inf,153.203533672043,99.962628425899,347,,,,
Statewide,Random 10-fold,10,all,0.331162860770159,197.419449003304,-1.44930376787879,581,,,,
Statewide,Random 10-fold,10,BYI > 0,-0.853729432173608,246.870851542228,-151.685406322911,234,,,,
Statewide,Random 10-fold,10,BYI = 0,-Inf,155.429757581067,99.8626501164948,347,,,,
Statewide,"Spatial blocks 5 km, 10 folds",1,all,0.34295667447882,195.67112821989,0.394861127114916,581,0.235405278390079,0.42630891374266,182.361420158873,207.987938200083
Statewide,"Spatial blocks 5 km, 10 folds",1,BYI > 0,-0.78803576497347,242.457008887672,-150.034982731775,234,-1.34941894497604,-0.430103977586989,218.735478107412,266.36130002968
Statewide,"Spatial blocks 5 km, 10 folds",1,BYI = 0,-Inf,156.410324200245,101.837464766827,347,,,,
Statewide,"Spatial blocks 5 km, 10 folds",2,all,0.326896918977473,198.048033458034,-1.8061249870431,581,,,,
Statewide,"Spatial blocks 5 km, 10 folds",2,BYI > 0,-0.851670752616227,246.733730895195,-156.394113073511,234,,,,
Statewide,"Spatial blocks 5 km, 10 folds",2,BYI = 0,-Inf,156.908476961448,102.440529803255,347,,,,
Statewide,"Spatial blocks 5 km, 10 folds",3,all,0.315219121432364,199.758633093513,-1.5146213061306,581,,,,
Statewide,"Spatial blocks 5 km, 10 folds",3,BYI > 0,-0.872335989782107,248.106724393877,-156.022979939132,234,,,,
Statewide,"Spatial blocks 5 km, 10 folds",3,BYI = 0,-Inf,159.064399383585,102.678335236009,347,,,,
Statewide,"Spatial blocks 5 km, 10 folds",4,all,0.322972321958104,198.624564054047,0.778234895728081,581,,,,
Statewide,"Spatial blocks 5 km, 10 folds",4,BYI > 0,-0.812964201387795,244.141302209299,-152.825455789601,234,,,,
Statewide,"Spatial blocks 5 km, 10 folds",4,BYI = 0,-Inf,160.814601236859,104.361127173443,347,,,,
Statewide,"Spatial blocks 5 km, 10 folds",5,all,0.328300513787036,197.84143489561,1.55286220139629,581,,,,
Statewide,"Spatial blocks 5 km, 10 folds",5,BYI > 0,-0.804971385380472,243.602534808492,-150.995896921845,234,,,,
Statewide,"Spatial blocks 5 km, 10 folds",5,BYI = 0,-Inf,159.745681898987,104.424359708135,347,,,,
Statewide,"Spatial blocks 5 km, 10 folds",6,all,0.311582008035362,200.288424916533,-2.22644080956691,581,,,,
Statewide,"Spatial blocks 5 km, 10 folds",6,BYI > 0,-0.927112588900005,251.709835947853,-157.80370151958,234,,,,
Statewide,"Spatial blocks 5 km, 10 folds",6,BYI = 0,-Inf,156.339092127487,102.68733154243,347,,,,
Statewide,"Spatial blocks 5 km, 10 folds",7,all,0.346692202794881,195.11410489827,0.0159500996565204,581,,,,
Statewide,"Spatial blocks 5 km, 10 folds",7,BYI > 0,-0.761541992443902,240.654032143414,-149.914880637845,234,,,,
Statewide,"Spatial blocks 5 km, 10 folds",7,BYI = 0,-Inf,157.121317394148,101.122043450018,347,,,,
Statewide,"Spatial blocks 5 km, 10 folds",8,all,0.329851546473813,197.612883373312,-3.59005877783511,581,,,,
Statewide,"Spatial blocks 5 km, 10 folds",8,BYI > 0,-0.862266327449024,247.438650093404,-158.70665950062,234,,,,
Statewide,"Spatial blocks 5 km, 10 folds",8,BYI = 0,-Inf,155.23234980848,101.013066781622,347,,,,
Statewide,"Spatial blocks 5 km, 10 folds",9,all,0.356840490323529,193.592751698267,0.948248254805846,581,,,,
Statewide,"Spatial blocks 5 km, 10 folds",9,BYI > 0,-0.716475712317921,237.555709954162,-149.846519474059,234,,,,
Statewide,"Spatial blocks 5 km, 10 folds",9,BYI = 0,-Inf,157.149975190507,102.636938884646,347,,,,
Statewide,"Spatial blocks 5 km, 10 folds",10,all,0.309973573632231,200.522267470372,-3.05473249930256,581,,,,
Statewide,"Spatial blocks 5 km, 10 folds",10,BYI > 0,-0.939793403520135,252.536630440218,-156.967068965995,234,,,,
Statewide,"Spatial blocks 5 km, 10 folds",10,BYI = 0,-Inf,155.941336070284,100.736295550283,347,,,,
Statewide,"Spatial blocks 10 km, 10 folds",1,all,0.267757491984743,206.565226511773,-0.521220358818644,581,0.134270967835759,0.345388537311121,180.412819774124,234.171203795282
Statewide,"Spatial blocks 10 km, 10 folds",1,BYI > 0,-0.995651538053058,256.146837317368,-161.466934042883,234,-2.03339625016631,-0.624359177222151,206.90328544064,304.709353001005
Statewide,"Spatial blocks 10 km, 10 folds",1,BYI = 0,-Inf,164.918805351332,108.012776765305,347,,,,
Statewide,"Spatial blocks 10 km, 10 folds",2,all,0.289248559449423,203.511342611499,2.84786770114391,581,,,,
Statewide,"Spatial blocks 10 km, 10 folds",2,BYI > 0,-0.88464885824586,248.921188118156,-158.029800703127,234,,,,
Statewide,"Spatial blocks 10 km, 10 folds",2,BYI = 0,-Inf,166.01923546438,111.335978382986,347,,,,
Statewide,"Spatial blocks 10 km, 10 folds",3,all,0.323387228216169,198.563692684089,-4.28922251614114,581,,,,
Statewide,"Spatial blocks 10 km, 10 folds",3,BYI > 0,-0.925881145140196,251.629400574673,-161.822679629995,234,,,,
Statewide,"Spatial blocks 10 km, 10 folds",3,BYI = 0,-Inf,152.700377599988,101.943713981386,347,,,,
Statewide,"Spatial blocks 10 km, 10 folds",4,all,0.31426498493072,199.897751068073,-0.0973653484434372,581,,,,
Statewide,"Spatial blocks 10 km, 10 folds",4,BYI > 0,-0.863898995495611,247.547092335485,-156.424117456446,234,,,,
Statewide,"Spatial blocks 10 km, 10 folds",4,BYI = 0,-Inf,159.942584243667,105.321827715743,347,,,,
Statewide,"Spatial blocks 10 km, 10 folds",5,all,0.305638948399174,201.151104348759,0.922908130535476,581,,,,
Statewide,"Spatial blocks 10 km, 10 folds",5,BYI > 0,-0.86729859833898,247.772742549147,-155.858527895904,234,,,,
Statewide,"Spatial blocks 10 km, 10 folds",5,BYI = 0,-Inf,162.320304752495,106.6487180158,347,,,,
Statewide,"Spatial blocks 10 km, 10 folds",6,all,0.27572061969544,205.438959035109,2.1732082446817,581,,,,
Statewide,"Spatial blocks 10 km, 10 folds",6,BYI > 0,-0.956181694427369,253.601161122727,-157.541384126141,234,,,,
Statewide,"Spatial blocks 10 km, 10 folds",6,BYI = 0,-Inf,165.216048702216,109.876996759876,347,,,,
Statewide,"Spatial blocks 10 km, 10 folds",7,all,0.310833587916698,200.397268068044,2.52935736026322,581,,,,
Statewide,"Spatial blocks 10 km, 10 folds",7,BYI > 0,-0.86914481914958,247.895200248186,-148.818879694228,234,,,,
Statewide,"Spatial blocks 10 km, 10 folds",7,BYI = 0,-Inf,160.624158140837,104.591280907096,347,,,,
Statewide,"Spatial blocks 10 km, 10 folds",8,all,0.310391133191434,200.461586707108,-3.14608425367755,581,,,,
Statewide,"Spatial blocks 10 km, 10 folds",8,BYI > 0,-0.904341767832216,250.218311334569,-158.972049896922,234,,,,
Statewide,"Spatial blocks 10 km, 10 folds",8,BYI = 0,-Inf,158.312816965299,101.935402664245,347,,,,
Statewide,"Spatial blocks 10 km, 10 folds",9,all,0.296700018141085,202.441733850501,4.15559967417221,581,,,,
Statewide,"Spatial blocks 10 km, 10 folds",9,BYI > 0,-0.817488836922295,244.445765487479,-154.62519286909,234,,,,
Statewide,"Spatial blocks 10 km, 10 folds",9,BYI = 0,-Inf,168.298396623542,111.229678795565,347,,,,
Statewide,"Spatial blocks 10 km, 10 folds",10,all,0.292764757034865,203.007317381691,0.0858383336324959,581,,,,
Statewide,"Spatial blocks 10 km, 10 folds",10,BYI > 0,-0.859791077513452,247.274152634709,-158.48044492803,234,,,,
Statewide,"Spatial blocks 10 km, 10 folds",10,BYI = 0,-Inf,166.644633580272,107.015262780979,347,,,,
Statewide,"Spatial blocks 20 km, 10 folds",1,all,0.2998693350889,201.985082002848,0.6691996861664,581,0.208504120845888,0.364934116515521,171.13072531563,231.916057963328
Statewide,"Spatial blocks 20 km, 10 folds",1,BYI > 0,-0.955743107830574,253.572730147836,-157.780601835365,234,-1.96194799561549,-0.589627414201832,216.023078121284,289.705505350915
Statewide,"Spatial blocks 20 km, 10 folds",1,BYI = 0,-Inf,157.955473062912,107.520074487429,347,,,,
Statewide,"Spatial blocks 20 km, 10 folds",2,all,0.235571926800725,211.056173055348,14.1689476620809,581,,,,
Statewide,"Spatial blocks 20 km, 10 folds",2,BYI > 0,-0.974319332395724,254.774138328251,-138.423735440173,234,,,,
Statewide,"Spatial blocks 20 km, 10 folds",2,BYI = 0,-Inf,175.531862425349,117.070065373687,347,,,,
Statewide,"Spatial blocks 20 km, 10 folds",3,all,0.215099636344772,213.863667560771,2.04884782500994,581,,,,
Statewide,"Spatial blocks 20 km, 10 folds",3,BYI > 0,-1.13659994526897,265.038062968178,-168.409284571141,234,,,,
Statewide,"Spatial blocks 20 km, 10 folds",3,BYI = 0,-Inf,170.912236064155,116.99755958495,347,,,,
Statewide,"Spatial blocks 20 km, 10 folds",4,all,0.252319277164449,208.731424465084,5.25162660261032,581,,,,
Statewide,"Spatial blocks 20 km, 10 folds",4,BYI > 0,-0.976127926543026,254.890805761436,-157.215851138297,234,,,,
Statewide,"Spatial blocks 20 km, 10 folds",4,BYI = 0,-Inf,170.696620191681,114.811827730484,347,,,,
Statewide,"Spatial blocks 20 km, 10 folds",5,all,0.272724952714325,205.863375133552,12.6099386347556,581,,,,
Statewide,"Spatial blocks 20 km, 10 folds",5,BYI > 0,-0.871361907195707,248.042177250006,-139.635801759272,234,,,,
Statewide,"Spatial blocks 20 km, 10 folds",5,BYI = 0,-Inf,171.665775073064,115.27709498116,347,,,,
Statewide,"Spatial blocks 20 km, 10 folds",6,all,0.226030390307406,212.369282251232,7.82298049689166,581,,,,
Statewide,"Spatial blocks 20 km, 10 folds",6,BYI > 0,-0.986177338934871,255.538095461554,-165.541927688553,234,,,,
Statewide,"Spatial blocks 20 km, 10 folds",6,BYI = 0,-Inf,177.424576102536,124.731881117624,347,,,,
Statewide,"Spatial blocks 20 km, 10 folds",7,all,0.282340538000944,204.497947166397,3.6383901994214,581,,,,
Statewide,"Spatial blocks 20 km, 10 folds",7,BYI > 0,-0.99360652108871,256.015562171873,-151.908311692562,234,,,,
Statewide,"Spatial blocks 20 km, 10 folds",7,BYI = 0,-Inf,160.68826130347,108.531555164044,347,,,,
Statewide,"Spatial blocks 20 km, 10 folds",8,all,0.278236536055167,205.081833807299,1.44371785992298,581,,,,
Statewide,"Spatial blocks 20 km, 10 folds",8,BYI > 0,-0.949743947213915,253.183519546713,-160.260422337407,234,,,,
Statewide,"Spatial blocks 20 km, 10 folds",8,BYI = 0,-Inf,164.904820969149,110.489161105385,347,,,,
Statewide,"Spatial blocks 20 km, 10 folds",9,all,0.258335833270474,207.889901515276,-0.618534878369624,581,,,,
Statewide,"Spatial blocks 20 km, 10 folds",9,BYI > 0,-1.07958269249543,261.477750183723,-163.42259041907,234,,,,
Statewide,"Spatial blocks 20 km, 10 folds",9,BYI = 0,-Inf,162.039033975487,109.168638022275,347,,,,
Statewide,"Spatial blocks 20 km, 10 folds",10,all,0.273948043393938,205.690197511914,1.77082263991612,581,,,,
Statewide,"Spatial blocks 20 km, 10 folds",10,BYI > 0,-1.01623180469963,257.464213848893,-158.654381433165,234,,,,
Statewide,"Spatial blocks 20 km, 10 folds",10,BYI = 0,-Inf,161.672308051699,109.953813282859,347,,,,
Statewide,"Leave one region out (k-means, 4 regions)",1,all,0.0765785293229291,231.968881938347,45.0306050061193,581,-0.0635074780296558,0.214030008970624,193.453276650928,262.360343408471
Statewide,"Leave one region out (k-means, 4 regions)",1,BYI > 0,-1.03832644153678,258.871065654667,-119.510108649526,234,-3.0825620315846,-0.306687835193582,233.58214980212,299.882925700327
Statewide,"Leave one region out (k-means, 4 regions)",1,BYI = 0,-Inf,211.907938597511,155.988896059206,347,,,,
Statewide,"Leave one region out (k-means, 4 regions)",2,all,0.0611482773856463,233.898937429041,45.9419948505049,581,,,,
Statewide,"Leave one region out (k-means, 4 regions)",2,BYI > 0,-1.05601308195582,259.991757152415,-119.730249770714,234,,,,
Statewide,"Leave one region out (k-means, 4 regions)",2,BYI = 0,-Inf,214.518865083219,157.663335603719,347,,,,
Statewide,"Leave one region out (k-means, 4 regions)",3,all,0.068840174588267,232.93881416454,42.5533304177204,581,,,,
Statewide,"Leave one region out (k-means, 4 regions)",3,BYI > 0,-1.07830365652582,261.397327585344,-125.542743436895,234,,,,
Statewide,"Leave one region out (k-means, 4 regions)",3,BYI = 0,-Inf,211.597884391483,155.909184256279,347,,,,
Statewide,"Leave one region out (k-means, 4 regions)",4,all,0.0754254593293006,232.113665722801,44.3177369946344,581,,,,
Statewide,"Leave one region out (k-means, 4 regions)",4,BYI > 0,-1.03652549656641,258.756678783371,-122.038355701212,234,,,,
Statewide,"Leave one region out (k-means, 4 regions)",4,BYI = 0,-Inf,212.267296311687,156.500231780882,347,,,,
Statewide,"Leave one region out (k-means, 4 regions)",5,all,0.0601543243222493,234.022717926033,45.4892318653712,581,,,,
Statewide,"Leave one region out (k-means, 4 regions)",5,BYI > 0,-1.06925940768597,260.827940114538,-121.06646488718,234,,,,
Statewide,"Leave one region out (k-means, 4 regions)",5,BYI = 0,-Inf,214.059899836164,157.806329963633,347,,,,
Statewide,"Leave one region out (k-means, 4 regions)",6,all,0.0621845142766841,233.769821394119,44.634572814766,581,,,,
Statewide,"Leave one region out (k-means, 4 regions)",6,BYI > 0,-1.08061456503832,261.542613737996,-120.688225948721,234,,,,
Statewide,"Leave one region out (k-means, 4 regions)",6,BYI = 0,-Inf,213.006590925572,156.120264199941,347,,,,
Statewide,"Leave one region out (k-means, 4 regions)",7,all,0.0579300182667855,234.299481728997,46.2833445087174,581,,,,
Statewide,"Leave one region out (k-means, 4 regions)",7,BYI > 0,-1.05249608771422,259.76929239967,-120.357110700748,234,,,,
Statewide,"Leave one region out (k-means, 4 regions)",7,BYI = 0,-Inf,215.430536243912,158.657599606743,347,,,,
Statewide,"Leave one region out (k-means, 4 regions)",8,all,0.0488383022202796,235.427354159872,47.0673763761955,581,,,,
Statewide,"Leave one region out (k-means, 4 regions)",8,BYI > 0,-1.09192274703591,262.252395307939,-118.723829376226,234,,,,
Statewide,"Leave one region out (k-means, 4 regions)",8,BYI = 0,-Inf,215.460568948246,158.868938756791,347,,,,
Statewide,"Leave one region out (k-means, 4 regions)",9,all,0.0643016775155847,233.5057990321,42.0209508899799,581,,,,
Statewide,"Leave one region out (k-means, 4 regions)",9,BYI > 0,-1.080489852209,261.534775138602,-127.48260542001,234,,,,
Statewide,"Leave one region out (k-means, 4 regions)",9,BYI = 0,-Inf,212.527659291827,156.325942753201,347,,,,
Statewide,"Leave one region out (k-means, 4 regions)",10,all,0.0719951817213395,232.543851246112,44.4374802783591,581,,,,
Statewide,"Leave one region out (k-means, 4 regions)",10,BYI > 0,-1.06390275473097,260.490121152171,-119.995402610269,234,,,,
Statewide,"Leave one region out (k-means, 4 regions)",10,BYI = 0,-Inf,211.624942051749,155.323055482794,347,,,,
Statewide,"Leave one region out (k-means, 8 regions)",1,all,0.206559238047109,215.024030970997,16.7161392027587,581,0.0689375822320627,0.286484449957285,190.211288262709,234.591012754434
Statewide,"Leave one region out (k-means, 8 regions)",1,BYI > 0,-1.013702038153,257.302642945659,-155.554210981744,234,-2.56772207162386,-0.365597784128703,229.868747061466,288.672610778909
Statewide,"Leave one region out (k-means, 8 regions)",1,BYI = 0,-Inf,181.022081202558,132.886922900666,347,,,,
Statewide,"Leave one region out (k-means, 8 regions)",2,all,0.208835947114545,214.715313000177,16.5683730759098,581,,,,
Statewide,"Leave one region out (k-means, 8 regions)",2,BYI > 0,-1.01459790284351,257.359871551613,-156.312069041727,234,,,,
Statewide,"Leave one region out (k-means, 8 regions)",2,BYI = 0,-Inf,180.352428913904,133.15057323593,347,,,,
Statewide,"Leave one region out (k-means, 8 regions)",3,all,0.211696470007304,214.32680050163,17.038280703912,581,,,,
Statewide,"Leave one region out (k-means, 8 regions)",3,BYI > 0,-0.993553310521813,256.012145543778,-154.457482917778,234,,,,
Statewide,"Leave one region out (k-means, 8 regions)",3,BYI = 0,-Inf,180.871439283148,132.686720725455,347,,,,
Statewide,"Leave one region out (k-means, 8 regions)",4,all,0.216756857717482,213.637774738408,16.0398271417245,581,,,,
Statewide,"Leave one region out (k-means, 8 regions)",4,BYI > 0,-0.998429481119638,256.32505327,-156.198480369909,234,,,,
Statewide,"Leave one region out (k-means, 8 regions)",4,BYI = 0,-Inf,179.199996891997,132.189002812394,347,,,,
Statewide,"Leave one region out (k-means, 8 regions)",5,all,0.215293739050551,213.837222112923,17.4662977398137,581,,,,
Statewide,"Leave one region out (k-means, 8 regions)",5,BYI > 0,-0.978514235349861,255.044658316206,-153.616277642185,234,,,,
Statewide,"Leave one region out (k-means, 8 regions)",5,BYI = 0,-Inf,180.822916803874,132.836103617012,347,,,,
Statewide,"Leave one region out (k-means, 8 regions)",6,all,0.212393503390451,214.232023573827,15.9660182032653,581,,,,
Statewide,"Leave one region out (k-means, 8 regions)",6,BYI > 0,-1.01888790542875,257.633744409197,-155.967755615765,234,,,,
Statewide,"Leave one region out (k-means, 8 regions)",6,BYI = 0,-Inf,179.122258665987,131.909831095637,347,,,,
Statewide,"Leave one region out (k-means, 8 regions)",7,all,0.206473696884528,215.03562157155,16.384449783736,581,,,,
Statewide,"Leave one region out (k-means, 8 regions)",7,BYI > 0,-1.02422494895476,257.974054284513,-156.531901543955,234,,,,
Statewide,"Leave one region out (k-means, 8 regions)",7,BYI = 0,-Inf,180.399666018814,132.990865376473,347,,,,
Statewide,"Leave one region out (k-means, 8 regions)",8,all,0.222585800498516,212.841337575059,14.4314167701403,581,,,,
Statewide,"Leave one region out (k-means, 8 regions)",8,BYI > 0,-0.999825267064958,256.414551663806,-157.441142872333,234,,,,
Statewide,"Leave one region out (k-means, 8 regions)",8,BYI = 0,-Inf,177.518947354612,130.333949785525,347,,,,
Statewide,"Leave one region out (k-means, 8 regions)",9,all,0.162137603934492,220.961238166973,25.045444437871,581,,,,
Statewide,"Leave one region out (k-means, 8 regions)",9,BYI > 0,-1.02818338093471,258.226169050991,-143.551696232135,234,,,,
Statewide,"Leave one region out (k-means, 8 regions)",9,BYI = 0,-Inf,191.786468911236,138.739193477587,347,,,,
Statewide,"Leave one region out (k-means, 8 regions)",10,all,0.217166093102022,213.581955826498,16.824425708125,581,,,,
Statewide,"Leave one region out (k-means, 8 regions)",10,BYI > 0,-0.981437669801022,255.233014585121,-154.749224403242,234,,,,
Statewide,"Leave one region out (k-means, 8 regions)",10,BYI = 0,-Inf,180.13725684017,132.525388607433,347,,,,
Statewide trained on BYI > 0,Out-of-bag,1,BYI > 0,0.174326621556142,164.759620698482,0.633952363301324,234,,,,
Statewide trained on BYI > 0,"Spatial blocks 10 km, 10 folds",1,BYI > 0,0.202742868217093,161.899627233285,8.61936467120378,234,,,,
Statewide trained on BYI > 0,"Spatial blocks 10 km, 10 folds",2,BYI > 0,0.181490565509765,164.043296202875,3.25589525801574,234,,,,
Statewide trained on BYI > 0,"Spatial blocks 10 km, 10 folds",3,BYI > 0,0.183257410919755,163.866147526009,-5.54727435301617,234,,,,
Statewide trained on BYI > 0,"Spatial blocks 10 km, 10 folds",4,BYI > 0,0.185871422942294,163.603707823087,6.97748919258864,234,,,,
Statewide trained on BYI > 0,"Spatial blocks 10 km, 10 folds",5,BYI > 0,0.15424651804628,166.751035536914,3.15423779157178,234,,,,
Statewide trained on BYI > 0,"Spatial blocks 10 km, 10 folds",6,BYI > 0,0.236909053563662,158.392565385871,-1.16816697585751,234,,,,
Statewide trained on BYI > 0,"Spatial blocks 10 km, 10 folds",7,BYI > 0,0.167669904121914,165.422447290796,-6.29856117018032,234,,,,
Statewide trained on BYI > 0,"Spatial blocks 10 km, 10 folds",8,BYI > 0,0.243702118605396,157.685980996635,5.10445423010463,234,,,,
Statewide trained on BYI > 0,"Spatial blocks 10 km, 10 folds",9,BYI > 0,0.183764988330714,163.815221026891,0.640671118253521,234,,,,
Statewide trained on BYI > 0,"Spatial blocks 10 km, 10 folds",10,BYI > 0,0.0694582427343438,174.909974159533,0.988550746463637,234,,,,
Statewide trained on BYI > 0,"Spatial blocks 20 km, 10 folds",1,BYI > 0,0.0396646829851107,177.687997378378,4.6713744300913,234,,,,
Statewide trained on BYI > 0,"Spatial blocks 20 km, 10 folds",2,BYI > 0,0.109430030001538,171.112078102559,-8.15966070918767,234,,,,
Statewide trained on BYI > 0,"Spatial blocks 20 km, 10 folds",3,BYI > 0,0.211977141735285,160.959290867882,-6.25061096375406,234,,,,
Statewide trained on BYI > 0,"Spatial blocks 20 km, 10 folds",4,BYI > 0,0.154182795097257,166.757317312763,3.9041771089927,234,,,,
Statewide trained on BYI > 0,"Spatial blocks 20 km, 10 folds",5,BYI > 0,0.107689051521162,171.279250253671,5.2340757868698,234,,,,
Statewide trained on BYI > 0,"Spatial blocks 20 km, 10 folds",6,BYI > 0,0.146489301045011,167.514006947976,6.64914837545283,234,,,,
Statewide trained on BYI > 0,"Spatial blocks 20 km, 10 folds",7,BYI > 0,0.092726642127146,172.709298969611,7.01472663749692,234,,,,
Statewide trained on BYI > 0,"Spatial blocks 20 km, 10 folds",8,BYI > 0,-0.0365444402089163,184.603786850631,15.6326665936083,234,,,,
Statewide trained on BYI > 0,"Spatial blocks 20 km, 10 folds",9,BYI > 0,0.0327871050049783,178.323131191436,5.92207893598916,234,,,,
Statewide trained on BYI > 0,"Spatial blocks 20 km, 10 folds",10,BYI > 0,0.168716518420286,165.318409265238,4.65312890269632,234,,,,
