model,band,pairs,semivar
Kona,"(0,0.5]",2,7819.43426302988
Kona,"(0.5,1]",3,36514.1940793637
Kona,"(1,2]",54,104124.033394179
Kona,"(2,3]",96,38864.7650410494
Kona,"(3,4]",210,37462.452401597
Kona,"(4,5]",560,52671.1508023284
Kona,"(5,7.5]",1483,54228.7543003257
Kona,"(7.5,10]",2079,47520.4939673925
Kona,"(10,15]",5464,49815.0889035878
Kona,"(15,20]",6922,49751.4620694133
Kona,"(20,30]",16965,47886.9701356625
Kona,"(30,40]",20072,45890.7434312874
Kona,"(40,60]",44428,45261.2348936781
Kona,"(60,100]",61237,52084.3626261026
Kona,"(100,200]",9496,38795.6395893532
Statewide,"(0,0.5]",2,10538.1084303523
Statewide,"(0.5,1]",3,28612.0508606201
Statewide,"(1,2]",53,61207.1346959097
Statewide,"(2,3]",96,35194.6283271071
Statewide,"(3,4]",210,37118.2824474261
Statewide,"(4,5]",557,36684.8315704718
Statewide,"(5,7.5]",1477,42922.237828958
Statewide,"(7.5,10]",2073,40802.5364478971
Statewide,"(10,15]",5444,40064.0156652991
Statewide,"(15,20]",6893,40060.4414566131
Statewide,"(20,30]",16902,38664.4818912156
Statewide,"(30,40]",20004,37446.6476354132
Statewide,"(40,60]",44309,38519.4697584365
Statewide,"(60,100]",60978,41091.5148304381
Statewide,"(100,200]",9489,35650.7064919849
