model,scheme,subset,n,R2_mean,R2_lo_rep,R2_hi_rep,RMSE_mean,RMSE_lo_rep,RMSE_hi_rep,bias_mean,boot_lo_R2,boot_hi_R2,boot_lo_RMSE,boot_hi_RMSE
Kona,"Out-of-bag (refit, seed 42)",all,582,0.299,0.299,0.299,219.32,219.32,219.32,3.101,,,,
Kona,"Out-of-bag (refit, seed 42)",BYI > 0,235,-0.478,-0.478,-0.478,280.979,280.979,280.979,-152.7,,,,
Kona,"Out-of-bag (refit, seed 42)",BYI = 0,347,-Inf,-Inf,-Inf,164.955,164.955,164.955,108.614,,,,
Kona,Random 10-fold,all,582,0.299,0.282,0.316,219.348,216.714,221.981,3.396,0.206,0.402,188.044,260.367
Kona,Random 10-fold,BYI > 0,235,-0.484,-0.529,-0.439,281.601,277.248,285.803,-152.701,-0.964,-0.262,221.917,355.862
Kona,Random 10-fold,BYI = 0,347,-Inf,-Inf,-Inf,164.284,160.708,166.596,109.109,,,,
Kona,"Spatial blocks 5 km, 10 folds",all,582,0.297,0.278,0.325,219.66,215.285,222.535,3.067,0.232,0.364,189.541,258.105
Kona,"Spatial blocks 5 km, 10 folds",BYI > 0,235,-0.486,-0.55,-0.444,281.765,277.725,287.762,-155.043,-1.044,-0.277,214.053,370.83
Kona,"Spatial blocks 5 km, 10 folds",BYI = 0,347,-Inf,-Inf,-Inf,164.795,159.686,168.186,110.145,,,,
Kona,"Spatial blocks 10 km, 10 folds",all,582,0.27,0.234,0.321,223.838,215.931,229.236,3.654,0.136,0.368,185.453,275.15
Kona,"Spatial blocks 10 km, 10 folds",BYI > 0,235,-0.561,-0.646,-0.453,288.713,278.591,296.521,-159.679,-1.24,-0.413,229.087,377.682
Kona,"Spatial blocks 10 km, 10 folds",BYI = 0,347,-Inf,-Inf,-Inf,166.058,157.334,170.479,114.268,,,,
Kona,"Spatial blocks 20 km, 10 folds",all,582,0.246,0.217,0.299,227.369,219.384,231.743,7.645,0.098,0.37,184.933,274.531
Kona,"Spatial blocks 20 km, 10 folds",BYI > 0,235,-0.575,-0.637,-0.505,290.044,283.544,295.727,-158.646,-1.155,-0.371,223.52,337.111
Kona,"Spatial blocks 20 km, 10 folds",BYI = 0,347,-Inf,-Inf,-Inf,172.381,162.1,180.537,120.262,,,,
Kona,"Leave one region out (k-means, 4 regions)",all,582,0.141,0.136,0.147,242.797,241.955,243.491,38.515,0.079,0.224,188.512,293.017
Kona,"Leave one region out (k-means, 4 regions)",BYI > 0,235,-0.532,-0.538,-0.519,286.092,284.852,286.671,-141.223,-2.761,-0.098,255.296,303.964
Kona,"Leave one region out (k-means, 4 regions)",BYI = 0,347,-Inf,-Inf,-Inf,208.429,206.884,209.247,160.239,,,,
Kona,"Leave one region out (k-means, 8 regions)",all,582,0.209,0.191,0.22,232.98,231.3,235.649,19.517,0.112,0.283,190.587,279.779
Kona,"Leave one region out (k-means, 8 regions)",BYI > 0,235,-0.563,-0.584,-0.544,288.993,287.247,290.897,-160.826,-2.205,-0.234,225.483,354.921
Kona,"Leave one region out (k-means, 8 regions)",BYI = 0,347,-Inf,-Inf,-Inf,185.662,181.459,191.408,141.652,,,,
Kona trained on BYI > 0,Out-of-bag,BYI > 0,235,0.114,0.114,0.114,217.611,217.611,217.611,4.473,,,,
Kona trained on BYI > 0,"Spatial blocks 10 km, 10 folds",BYI > 0,235,0.083,0.041,0.143,221.297,213.988,226.364,4.899,,,,
Kona trained on BYI > 0,"Spatial blocks 20 km, 10 folds",BYI > 0,235,0.027,-0.101,0.093,227.938,220.141,242.519,9.486,,,,
Statewide,"Out-of-bag (refit, seed 42)",all,581,0.326,0.326,0.326,198.204,198.204,198.204,-0.331,,,,
Statewide,"Out-of-bag (refit, seed 42)",BYI > 0,234,-0.849,-0.849,-0.849,246.558,246.558,246.558,-150.979,,,,
Statewide,"Out-of-bag (refit, seed 42)",BYI = 0,347,-Inf,-Inf,-Inf,157.424,157.424,157.424,101.259,,,,
Statewide,Random 10-fold,all,581,0.326,0.311,0.339,198.106,196.303,200.336,-0.609,0.24,0.409,182.715,213.535
Statewide,Random 10-fold,BYI > 0,234,-0.851,-0.87,-0.819,246.68,244.54,247.924,-151.925,-1.305,-0.531,222.342,272.433
Statewide,Random 10-fold,BYI = 0,347,-Inf,-Inf,-Inf,157.076,153.204,160.558,101.431,,,,
Statewide,"Spatial blocks 5 km, 10 folds",all,581,0.329,0.31,0.357,197.707,193.593,200.522,-0.85,0.235,0.426,182.361,207.988
Statewide,"Spatial blocks 5 km, 10 folds",BYI > 0,234,-0.834,-0.94,-0.716,245.494,237.556,252.537,-153.951,-1.349,-0.43,218.735,266.361
Statewide,"Spatial blocks 5 km, 10 folds",BYI = 0,347,-Inf,-Inf,-Inf,157.473,155.232,160.815,102.394,,,,
Statewide,"Spatial blocks 10 km, 10 folds",all,581,0.299,0.268,0.323,202.144,198.564,206.565,0.466,0.134,0.345,180.413,234.171
Statewide,"Spatial blocks 10 km, 10 folds",BYI > 0,234,-0.894,-0.996,-0.817,249.545,244.446,256.147,-157.204,-2.033,-0.624,206.903,304.709
Statewide,"Spatial blocks 10 km, 10 folds",BYI = 0,347,-Inf,-Inf,-Inf,162.5,152.7,168.298,106.791,,,,
Statewide,"Spatial blocks 20 km, 10 folds",all,581,0.259,0.215,0.3,207.703,201.985,213.864,4.881,0.209,0.365,171.131,231.916
Statewide,"Spatial blocks 20 km, 10 folds",BYI > 0,234,-0.994,-1.137,-0.871,256,248.042,265.038,-156.125,-1.962,-0.59,216.023,289.706
Statewide,"Spatial blocks 20 km, 10 folds",BYI = 0,347,-Inf,-Inf,-Inf,167.349,157.955,177.425,113.455,,,,
Statewide,"Leave one region out (k-means, 4 regions)",all,581,0.065,0.049,0.077,233.449,231.969,235.427,44.778,-0.064,0.214,193.453,262.36
Statewide,"Leave one region out (k-means, 4 regions)",BYI > 0,234,-1.065,-1.092,-1.037,260.543,258.757,262.252,-121.514,-3.083,-0.307,233.582,299.883
Statewide,"Leave one region out (k-means, 4 regions)",BYI = 0,347,-Inf,-Inf,-Inf,213.24,211.598,215.461,156.916,,,,
Statewide,"Leave one region out (k-means, 8 regions)",all,581,0.208,0.162,0.223,214.819,212.841,220.961,17.248,0.069,0.286,190.211,234.591
Statewide,"Leave one region out (k-means, 8 regions)",BYI > 0,234,-1.005,-1.028,-0.979,256.753,255.045,258.226,-154.438,-2.568,-0.366,229.869,288.673
Statewide,"Leave one region out (k-means, 8 regions)",BYI = 0,347,-Inf,-Inf,-Inf,181.123,177.519,191.786,133.025,,,,
Statewide trained on BYI > 0,Out-of-bag,BYI > 0,234,0.174,0.174,0.174,164.76,164.76,164.76,0.634,,,,
Statewide trained on BYI > 0,"Spatial blocks 10 km, 10 folds",BYI > 0,234,0.181,0.069,0.244,164.039,157.686,174.91,1.573,,,,
Statewide trained on BYI > 0,"Spatial blocks 20 km, 10 folds",BYI > 0,234,0.103,-0.037,0.212,171.626,160.959,184.604,3.927,,,,
