frame,site,age,QMD_dep,QMD_pct,HT_dep,HT_pct,BAPH_dep,BAPH_pct,TPH_dep,TPH_pct,VOL_dep,VOL_pct
V103,Low (100),20,15.641845366689315,35.4330696631474,8.648215469360766,22.168992348706045,12.20800846519552,47.41041208212745,635.2986733607968,-19.632822515185815,42.23099506351643,80.08981505781034
V103,Low (100),40,27.368173005571677,34.07797820984298,12.701703355538596,18.133082731815342,24.234472491129416,17.28989931568926,411.9562165727696,-34.755229407499826,123.12763222411452,38.55817379466613
V103,Low (100),60,37.02575138321705,29.408975519684034,15.347346679160117,14.391506799024922,30.527877148187752,9.060284459142343,283.52930092434724,-34.87648579902729,187.4087655888189,24.755702712115756
V103,Low (100),100,51.42960204068757,25.50295942578759,18.614647608160496,10.615561260855474,39.229608998165936,5.504923255176708,188.8412015268553,-33.01696951433337,292.0981389227124,16.70486301654857
V103,Medium (264),20,21.68032252826612,38.240238779484585,11.44656984039614,21.073117946851237,18.243863763169216,32.23917595317023,494.1905609407763,-30.802375821914378,83.53186428951551,60.106093473725934
V103,Medium (264),40,36.88318406187238,29.866401316255363,16.130910659091278,14.233304750861787,29.25414192638251,9.092592994888419,273.80391606407613,-35.31528748794139,188.75837992914109,24.62007421646814
V103,Medium (264),60,48.15198469144147,26.832754212902298,18.901731313396063,10.980106709449508,35.470918108697084,5.406110744704774,194.7839408628858,-34.475616676266554,268.1847054120269,16.979814182753884
V103,Medium (264),100,64.6267038984454,23.504684921007435,22.153146065445632,7.730252900839122,45.106509504402815,3.856682025701024,137.50684297897436,-31.91246999349128,399.7004374213789,11.885066200708033
V103,High (450),20,25.93967619392362,34.31676052809401,13.646944977728676,18.147410762622332,21.55502308257227,22.175231185627737,407.8763219740862,-32.279095234629295,117.66408560061414,44.34687223906707
V103,High (450),40,42.53071200782481,28.965725089176036,18.66367201480016,12.160117890026246,31.718019887065516,6.5753454677118315,223.2594566826334,-35.92211913811198,236.7898880524398,19.53503311828836
V103,High (450),60,54.77998424454031,26.071037971568266,21.5501092578996,9.103592248300572,38.18952210479873,4.3941510466811105,162.03525644153805,-34.3181298506833,329.1953495461538,13.897768889045997
V103,High (450),100,72.39079189077914,21.53278697200319,24.84665584925035,6.018769593876912,48.4362384477777,3.9835259299594714,117.68276308803016,-29.599194979186407,481.3914189376642,10.242054771272986
