site,byi,tpa0,BA_max_ft2ac,age_at_BA_max,BA20,BA40,BA52,BA100,BA200,QMD52_in,QMD100_in,TPA52,TPA100,reineke_slope,BA_monotone_to_peak
Excellent,450,100,175.21,68,115.23,159.54,170.58,164.66,97.96,22.24,25.7,63.2,45.7,-0.909,True
Excellent,450,200,218.83,67,163.12,202.49,212.94,208.53,132.16,20.8,24.34,90.2,64.5,-1.182,True
Excellent,450,300,235.04,73,190.07,222.05,230.36,225.17,144.75,20.26,23.87,102.9,72.5,-1.363,True
Excellent,450,400,243.68,64,207.38,233.06,239.22,232.31,150.42,20.03,23.64,109.3,76.2,-1.491,False
Good,340,100,172.0,76,106.94,153.17,165.48,164.34,100.77,21.58,25.29,65.1,47.1,-0.882,False
Good,340,200,217.18,72,154.72,197.25,209.12,208.79,135.47,20.18,23.89,94.2,67.0,-1.149,True
Good,340,300,233.6,72,182.42,218.15,226.87,225.55,148.77,19.59,23.35,108.4,75.9,-1.329,False
Good,340,400,244.13,73,200.57,230.1,236.58,235.41,155.64,19.39,23.18,115.4,80.3,-1.454,False
Marginal,230,100,166.85,77,95.49,143.15,157.29,162.38,104.1,20.64,24.65,67.7,49.0,-0.846,True
Marginal,230,200,213.74,82,142.61,189.61,202.08,208.94,140.41,19.21,23.19,100.4,71.3,-1.098,True
Marginal,230,300,232.55,73,171.05,212.81,222.01,227.46,154.7,18.74,22.64,116.0,81.4,-1.274,True
Marginal,230,400,242.81,85,190.2,225.69,232.63,236.92,162.3,18.52,22.37,124.4,86.8,-1.399,False
Low Feasibility,120,100,156.28,85,76.94,124.99,140.71,155.37,107.88,18.93,23.36,72.0,52.2,-0.785,True
Low Feasibility,120,200,206.84,82,121.79,174.15,189.8,204.93,147.22,17.74,21.79,110.6,79.1,-1.014,True
Low Feasibility,120,300,227.53,96,150.76,199.77,212.61,226.25,163.62,17.32,21.25,130.0,91.9,-1.186,True
Low Feasibility,120,400,236.38,89,171.25,215.4,225.87,235.59,171.24,17.24,21.01,139.3,97.9,-1.318,False
