"resp","bal","group","level","n","obs_over_pred_deployedk","lo_d","hi_d","obs_over_pred_recalk","lo_r","hi_r"
"dDBH","dep","all","all",4790,1.00000467562841,0.906478909272909,1.09736967655912,1,0.906407576886361,1.09930802910816
"dDBH","dep","origin","natural",1000,0.999999240318748,0.903243412818999,1.19178052022269,1,0.897043901047849,1.21799222935735
"dDBH","dep","origin","planted",3790,1.0000050772319,0.903922220522878,1.113790265618,1,0.8985303458045,1.10981122950353
"dDBH","dep","quintile","Q1",958,0.934146779106153,0.833967260356426,1.06048391688739,0.934142182585388,0.83057895871086,1.04430751502028
"dDBH","dep","quintile","Q2",958,0.983203988718195,0.851289206706557,1.13053104345821,0.983199432055878,0.847430257005592,1.12653133646729
"dDBH","dep","quintile","Q3",960,1.04735360821896,0.922862000863289,1.16243196002857,1.04734891257106,0.922811412689964,1.16416236798213
"dDBH","dep","quintile","Q4",956,1.06214768369193,0.921844891035861,1.20506116412234,1.06214297196477,0.927500666221013,1.20691304352564
"dDBH","dep","quintile","Q5",958,1.09614636127933,0.871076993728199,1.33688933749006,1.09614129000522,0.872578902841196,1.34086350381088
"dDBH","live","all","all",4790,1.10689696700301,1.01187017846869,1.20801958535903,1,0.913343363708367,1.09007528671814
"dDBH","live","origin","natural",1000,1.30298433269626,1.16742354690129,1.59824175156951,1,0.895525258926419,1.23590179282165
"dDBH","live","origin","planted",3790,1.09472429738081,0.996954945885955,1.20809103962174,1,0.905810600480083,1.09884878877954
"dDBH","live","quintile","Q1",958,0.949674452343501,0.848245800475588,1.07685730533589,0.863271213254203,0.767489686150141,0.96406615664917
"dDBH","live","quintile","Q2",958,1.05998015242093,0.927155370696515,1.20182757015186,0.955463244384431,0.835905880128905,1.08063120035715
"dDBH","live","quintile","Q3",960,1.18587638615133,1.05873627891604,1.302400605975,1.06462948869985,0.946439164013314,1.17269937044631
"dDBH","live","quintile","Q4",956,1.26909660847381,1.13554369618825,1.41325793470031,1.14059653127904,1.01639223799877,1.27161587106208
"dDBH","live","quintile","Q5",958,1.57922206063377,1.30289449332791,1.87144787335919,1.42847106973385,1.1689483562122,1.7052725771254
"dDBH","conv","all","all",4790,1.21278693327374,1.10772504398397,1.32828468097632,1,0.914890910019976,1.08826224066358
"dDBH","conv","origin","natural",1000,1.55284324689802,1.26937876496462,1.72957839745898,1,0.823820977489153,1.12668292053099
"dDBH","conv","origin","planted",3790,1.19347581136353,1.08564414627549,1.31934977526804,1,0.905305702276038,1.10068721965424
"dDBH","conv","quintile","Q1",958,0.988344017127755,0.882987082752119,1.11845922807095,0.822329276040929,0.731915293339645,0.918106387552328
"dDBH","conv","quintile","Q2",958,1.19119838232665,1.04851503425419,1.33703944638961,0.979275599119842,0.865189032481798,1.09504033260814
"dDBH","conv","quintile","Q3",960,1.33268790655724,1.18651760344566,1.46729814527173,1.0888172368958,0.967392318870588,1.1991741001764
"dDBH","conv","quintile","Q4",956,1.44283413340113,1.28435606177389,1.62145270041491,1.17879595098796,1.04419040498321,1.31935888088311
"dDBH","conv","quintile","Q5",958,1.8277872879293,1.49801314503206,2.20296718809885,1.50681816769779,1.22088938377784,1.81256007243683
"dHT","dep","all","all",3857,1.00007280378692,0.912665644257946,1.08522880879867,1,0.910751639540501,1.08613094470574
"dHT","dep","origin","natural",762,0.99988645004961,0.642212809518344,1.18274390810707,1,0.699319697746462,1.18172689022697
"dHT","dep","origin","planted",3095,1.00008323268207,0.90794721763242,1.09090101610432,1,0.904939720423096,1.09066241833598
"dHT","dep","quintile","Q1",772,0.953367819899724,0.859563295862496,1.0524059085698,0.953292150639269,0.857135385244001,1.04501171029844
"dHT","dep","quintile","Q2",772,0.983906462318565,0.862403347525845,1.09424750043836,0.983834665084409,0.863234295744566,1.08626823974353
"dHT","dep","quintile","Q3",774,1.05674905678716,0.908683701607569,1.21147164055145,1.05667593237434,0.90341011192875,1.21014258623727
"dHT","dep","quintile","Q4",767,1.00381036582904,0.894508314292003,1.11448293351137,1.00374359105923,0.897817877314733,1.1106448195744
"dHT","dep","quintile","Q5",772,1.0310810784513,0.870737392863261,1.16811427978533,1.03100615298414,0.86577153765896,1.16917774372029
"dHT","live","all","all",3857,1.04366523283061,0.956478767903451,1.12820974736087,1,0.912096415229197,1.08194343621183
"dHT","live","origin","natural",762,1.12934985708975,0.711909843393963,1.34610182526893,1,0.696475403913668,1.19424153690659
"dHT","live","origin","planted",3095,1.03925348565364,0.945007063776448,1.12921854727359,1,0.906035938997143,1.08826385202298
"dHT","live","quintile","Q1",772,0.957732889207488,0.864069930352729,1.05662418012024,0.920012028787649,0.82686612080404,1.00735333823202
"dHT","live","quintile","Q2",772,1.00227355241961,0.87920504118079,1.11202447626132,0.960221222778504,0.842009185719041,1.05893762303518
"dHT","live","quintile","Q3",774,1.09377117551182,0.939211333902095,1.25089925623301,1.0462678763351,0.89556441076472,1.19738918524074
"dHT","live","quintile","Q4",767,1.06214730189268,0.947211219239501,1.17904599360204,1.01523499581997,0.909089108507195,1.12245548870991
"dHT","live","quintile","Q5",772,1.19710206556713,1.03004779536784,1.33879907273904,1.14751219695209,0.975880826063824,1.28489123507297
"dHT","conv","all","all",3857,1.08454787643251,0.995685356103489,1.17183486134379,1,0.910676340934297,1.07975335027176
"dHT","conv","origin","natural",762,1.22817161799283,0.734852914461774,1.44249368978463,1,0.656066637316195,1.17328643323506
"dHT","conv","origin","planted",3095,1.07749772778812,0.978280463680388,1.17133392464043,1,0.905822190577326,1.08946245331144
"dHT","conv","quintile","Q1",772,0.968447553803664,0.874457043505723,1.0677748644347,0.89642529643966,0.806035294272532,0.981372536843629
"dHT","conv","quintile","Q2",772,1.03695352933681,0.912351964791914,1.14545036685453,0.955940799638466,0.841539887543128,1.05122992599096
"dHT","conv","quintile","Q3",774,1.13923269615425,0.978629596197912,1.29726168466476,1.04770633618799,0.897547992126165,1.19499022559054
"dHT","conv","quintile","Q4",767,1.12079643985946,1.00038971308922,1.24038171632932,1.02958078573531,0.920565274222761,1.13918666375095
"dHT","conv","quintile","Q5",772,1.29846321388815,1.09322322478765,1.46815218648963,1.19784190156186,1.00292925527402,1.35962972749571
