"subset","model","term","estimate","lo95","hi95","p_boot_gt0","n_boot_ok"
"pooled","S1_base","(Intercept)",-1.67856483466631,-2.66058967397281,-0.012602393210175,0.024512256128064,1999
"pooled","S1_base","lnsdi",0.161863756638461,0.0131579487646206,0.313475232218502,0.980990495247624,1999
"pooled","S1_base","planted",-0.19099361188623,-2.02504455952853,0.211615425668875,0.176088044022011,1999
"pooled","S1_lnN_cov","(Intercept)",-3.92199274136702,-5.83331422297736,-1.33756678822748,0,1998
"pooled","S1_lnN_cov","lnsdi",0.161976970481525,0.0237993456303581,0.305797916427105,0.982482482482482,1998
"pooled","S1_lnN_cov","planted",0.530863536280244,-2.543020812464,1.08207633127434,0.82982982982983,1998
"pooled","S1_lnN_cov","lnn",0.602104275637088,0.222154466950009,1.05759184485048,1,1998
"pooled","S1_lnN_off","(Intercept)",-5.49128096590647,-6.364035243388,-1.70793059922033,0.0100250626566416,1995
"pooled","S1_lnN_off","lnsdi",0.180945365487664,0.0343541214034069,0.321251976704723,0.986967418546366,1995
"pooled","S1_lnN_off","planted",0.937113372399701,-2.91266944589469,1.33434505064984,0.843107769423559,1995
"pooled","S1_lnA_cov","(Intercept)",62.7016853262976,6.94175631787498,80.6705682240919,0.998847262247839,1735
"pooled","S1_lnA_cov","lnsdi",0.158476231327184,-0.0105679539997203,0.313598832923322,0.967723342939481,1735
"pooled","S1_lnA_cov","planted",13.5655029319544,-0.0625992269522805,15.3237973454627,0.971757925072046,1735
"pooled","S1_lnA_cov","lnarea",20.017158828297,2.71849097145501,25.1344712918904,1,1735
"pooled","S1_binom","(Intercept)",-4.25600011800234,-6.23236794507566,-2.95483144166473,0,2000
"pooled","S1_binom","lnsdi",0.298513760991368,0.0736651670521116,0.614552316227193,0.9975,2000
"pooled","S1_binom","planted",-0.620602007621916,-1.08614256576292,-0.179596160858125,0.006,2000
"pooled","S2_base","(Intercept)",-2.20466779066605,-3.24296763113264,-0.79200188325331,0.00150075037518759,1999
"pooled","S2_base","lnsdi",-0.0446862780129724,-0.260286826276584,0.112516276144913,0.292146073036518,1999
"pooled","S2_base","planted",-0.017850017915878,-0.421900467807747,0.4020122222039,0.496748374187094,1999
"pooled","S2_lnN_cov","(Intercept)",-0.405800647542082,-2.01654040590305,1.16956470781401,0.326980942828485,1994
"pooled","S2_lnN_cov","lnsdi",-0.0222273978390011,-0.199531463820894,0.111628111828863,0.367602808425276,1994
"pooled","S2_lnN_cov","planted",-0.609277862595153,-1.3902480852389,0.101516459317399,0.0511534603811434,1994
"pooled","S2_lnN_cov","lnn",-0.495706109480298,-0.834193128728766,-0.168366451533822,0.000501504513540622,1994
"pooled","S2_lnA_cov","(Intercept)",-3.458963087825,-4.85249963624238,-2.01282064162957,0,1299
"pooled","S2_lnA_cov","lnsdi",-0.0433700799616748,-0.252828129088398,0.113026885103974,0.277906081601232,1299
"pooled","S2_lnA_cov","planted",-0.269306970732735,-0.637966581872572,0.0997371204029035,0.0916089299461124,1299
"pooled","S2_lnA_cov","lnarea",-0.388142879464466,-0.647975435425796,-0.135342197063679,0.00307929176289453,1299
"natural","S1_base","(Intercept)",-4.52132875727902,-815.449326292987,2.61870742299514,0.09,2000
"natural","S1_base","lnsdi",0.648994423927624,-0.457297555030953,143.682292220447,0.926,2000
"natural","S1_lnN_cov","(Intercept)",-4.79050098770694,-550.280963779219,50.9030617283798,0.317,2000
"natural","S1_lnN_cov","lnsdi",0.773615101067012,-23.2691234713076,106.561204555801,0.6935,2000
"natural","S1_lnN_cov","lnn",-0.122265849137943,-22.0848178244074,32.2747194626799,0.4115,2000
"natural","S1_lnN_off","(Intercept)",-4.56332637500756,-30097571792028384,3703879280797404,0.300884955752212,1808
"natural","S1_lnN_off","lnsdi",0.0194546935198569,-316112364356335,5298077661921949,0.411504424778761,1808
"natural","S1_lnA_cov","(Intercept)",76.7934800023975,-942.797472831584,121.679613175534,0.918276374442793,1346
"natural","S1_lnA_cov","lnsdi",0.500932489839984,-1.17851875456261,142.269590007267,0.763001485884101,1346
"natural","S1_lnA_cov","lnarea",25.0319769312012,-43.1498447855402,37.3375508119412,0.918276374442793,1346
"natural","S1_binom","(Intercept)",-9.36330212570926,-17.0688275929122,-6.18827807552674,0,2000
"natural","S1_binom","lnsdi",1.10542891405369,0.587276590160051,2.2671134280477,1,2000
"natural","S2_base","(Intercept)",0.785100943109072,-9.60832869645363,2.77109197499378,0.631,2000
"natural","S2_base","lnsdi",-0.534788615631453,-0.845432032991861,1.11399974465427,0.333,2000
"natural","S2_lnN_cov","(Intercept)",1.05946194336034,-9.10753365534974,2.36513382470444,0.666332665330661,1996
"natural","S2_lnN_cov","lnsdi",-0.641419242145699,-0.843846944144051,0.673144894418875,0.208917835671343,1996
"natural","S2_lnN_cov","lnn",0.0963098444006791,-0.488844920790729,0.637417021276927,0.669338677354709,1996
"natural","S2_lnA_cov","(Intercept)",0.785100943109072,NA,NA,NA,0
"natural","S2_lnA_cov","lnsdi",-0.534788615631453,NA,NA,NA,0
"natural","S2_lnA_cov","lnarea",NA,NA,NA,NA,0
"planted","S1_base","(Intercept)",-1.83298587603239,-2.74826661219054,-1.07937414771744,0,2000
"planted","S1_base","lnsdi",0.155003728037559,0.00968877196193535,0.323642347586585,0.9825,2000
"planted","S1_lnN_cov","(Intercept)",-3.80860292373268,-5.33422540495136,-2.30270953853156,0,2000
"planted","S1_lnN_cov","lnsdi",0.168272133062756,0.0316314881890257,0.306446896079021,0.9905,2000
"planted","S1_lnN_cov","lnn",0.747781736703415,0.329095403076701,1.15525707320688,1,2000
"planted","S1_lnN_off","(Intercept)",-4.55910709740216,-5.41790202227188,-3.82482811811787,5e-04,2000
"planted","S1_lnN_off","lnsdi",0.181871149440262,0.0417214763128281,0.323117875066469,0.989,2000
"planted","S1_lnA_cov","(Intercept)",9.51650843677078,8.33897396896796,11.6261613891546,1,1268
"planted","S1_lnA_cov","lnsdi",0.15403308254621,0.00453291103477057,0.317536763446062,0.977129337539432,1268
"planted","S1_lnA_cov","lnarea",2.90950259924029,2.61880697491838,3.38193289316214,1,1268
"planted","S1_binom","(Intercept)",-3.81941352045401,-4.60864792304009,-3.07843216718445,0,2000
"planted","S1_binom","lnsdi",0.105031856423838,-0.0219648066611187,0.223686746539582,0.9475,2000
"planted","S2_base","(Intercept)",-2.30196182166316,-3.22478327668864,-1.15628174035489,0.0015,2000
"planted","S2_base","lnsdi",-0.0298453100919017,-0.226902694734659,0.128790658467572,0.3585,2000
"planted","S2_lnN_cov","(Intercept)",-0.48354715221368,-1.51379555739574,0.522657520516073,0.1385,2000
"planted","S2_lnN_cov","lnsdi",-0.0206745758684246,-0.189852534376668,0.0982461070825078,0.3885,2000
"planted","S2_lnN_cov","lnn",-0.697266267371407,-0.975737989980971,-0.361944351777421,0,2000
"planted","S2_lnA_cov","(Intercept)",-3.82393690003834,-4.99030393079644,-2.51425302755819,0,1272
"planted","S2_lnA_cov","lnsdi",-0.0284748399523152,-0.246205792728168,0.117304756247737,0.32940251572327,1272
"planted","S2_lnA_cov","lnarea",-0.392269112140235,-0.663398759331965,-0.132930076767724,0,1272
