,,,QMD,QMD,QMD,QMD,QMD,QMD,QMD,QMD,TPH,TPH,TPH,TPH,TPH,TPH,TPH,TPH
age,,,5,10,20,30,40,60,80,100,5,10,20,30,40,60,80,100
source,scenario,site,,,,,,,,,,,,,,,,
Fig. 6,natural 1000 stems,Medium,11.7,14.5,20.0,25.5,30.6,40.0,48.0,55.0,930.0,815.0,599.0,443.0,341.0,226.0,168.0,134.0
Fig. 6,natural 2000 stems,Medium,12.0,15.7,22.6,28.9,34.7,44.7,53.1,60.5,1620.0,1097.0,608.0,404.0,298.0,194.0,145.0,116.0
Fig. 6,natural 250 stems,Medium,11.8,14.5,19.8,24.7,29.2,37.3,44.4,50.9,242.0,233.0,214.0,196.0,179.0,148.0,122.0,101.0
Fig. 6,natural 500 stems,Medium,11.7,14.3,19.4,24.2,28.6,36.8,44.0,50.5,483.0,461.0,407.0,351.0,301.0,226.0,178.0,145.0
Fig. 6,natural Thinned to 250 at age 15,Medium,11.7,14.3,23.3,27.8,32.0,39.6,46.4,52.8,483.0,461.0,228.0,208.0,189.0,156.0,129.0,106.0
Fig. 6,natural Unthinned,Medium,11.7,14.3,19.4,24.2,28.6,36.8,44.0,50.5,483.0,461.0,407.0,351.0,301.0,226.0,178.0,145.0
Fig. 6,planted 1200 stems,Medium,15.5,22.6,32.5,40.0,46.3,53.3,58.5,62.1,1067.0,837.0,567.0,428.0,344.0,276.0,235.0,204.0
Fig. 6,planted 2400 stems,Medium,15.1,22.8,34.5,43.5,50.9,57.8,62.8,65.7,1811.0,1115.0,593.0,407.0,313.0,251.0,216.0,188.0
Fig. 6,planted 300 stems,Medium,16.4,24.8,35.0,41.7,46.7,53.5,58.3,61.7,294.0,280.0,253.0,231.0,214.0,187.0,163.0,142.0
Fig. 6,planted 600 stems,Medium,16.0,23.5,33.0,39.7,44.9,51.6,56.5,60.1,572.0,512.0,414.0,350.0,306.0,258.0,224.0,194.0
Fig. 6,planted Thinned to 500 at 8 and 250 at 20,Medium,15.5,26.9,39.8,46.8,51.9,56.6,60.8,63.8,1067.0,447.0,250.0,215.0,197.0,171.0,149.0,130.0
Fig. 6,planted Thinned to 500 at age 8,Medium,15.5,26.9,35.9,42.7,48.2,53.6,58.3,61.4,1067.0,447.0,367.0,313.0,272.0,237.0,205.0,179.0
Fig. 6,planted Unthinned,Medium,15.5,22.6,32.5,40.0,46.3,53.3,58.5,62.1,1067.0,837.0,567.0,428.0,344.0,276.0,235.0,204.0
Table 5,Even-aged natural,High,12.2,15.5,21.6,27.3,32.6,42.1,50.2,57.5,482.0,453.0,383.0,316.0,262.0,190.0,147.0,120.0
Table 5,Even-aged natural,Low,11.0,12.8,16.3,19.7,23.0,29.0,34.7,39.9,483.0,463.0,423.0,386.0,351.0,288.0,237.0,194.0
Table 5,Even-aged natural,Medium,11.7,14.3,19.4,24.2,28.6,36.8,44.0,50.5,483.0,461.0,407.0,351.0,301.0,226.0,178.0,145.0
Table 5,Even-aged planted,High,17.1,25.1,36.0,44.4,49.9,57.3,61.7,64.6,1028.0,766.0,497.0,368.0,306.0,246.0,213.0,185.0
Table 5,Even-aged planted,Low,13.0,18.7,26.8,33.0,38.2,46.9,51.7,56.1,1118.0,953.0,701.0,551.0,454.0,337.0,288.0,250.0
Table 5,Even-aged planted,Medium,15.5,22.6,32.5,40.0,46.3,53.3,58.5,62.1,1067.0,837.0,567.0,428.0,344.0,276.0,235.0,204.0
Table 5,Uneven-aged natural,High,11.1,15.5,25.9,35.0,42.5,54.8,64.4,72.4,557.0,561.0,408.0,287.0,223.0,162.0,134.0,118.0
Table 5,Uneven-aged natural,Low,9.3,11.2,15.6,21.3,27.4,37.0,44.8,51.4,564.0,619.0,635.0,533.0,412.0,284.0,223.0,189.0
Table 5,Uneven-aged natural,Medium,10.3,13.6,21.7,30.0,36.9,48.2,57.1,64.6,561.0,591.0,494.0,354.0,274.0,195.0,158.0,138.0
