"resp","term","estimate","wald_se","wald_p","boot_mean","boot_se","lo95","hi95","ratio","p_boot","p_wald_bootse","n_ok","boot_se_excl_collapsed"
"dDBH","b0",-1.15094113584424,0.676427566826242,0.088915086319041,-2.01816068308099,1.42814089063941,-5.2053739468452,0.314787908162228,2.11129906686116,0.102040816326531,0.420299545402953,980,0.870049261323564
"dDBH","b1",0.337116783134352,0.0372687733664659,2.1322212361183e-19,0.352446443036678,0.123900160000511,0.0968973342047759,0.602207928042476,3.32450329883933,0.00816326530612245,0.00651094794116394,980,0.122455614340635
"dDBH","b2",-0.0143456480282451,0.00389590377091563,0.000233779465874635,-0.0167319129880753,0.0174569598605701,-0.0518295401713592,0.0119949720545504,4.48084985848284,0.353061224489796,0.41120643730063,980,0.0186970901227913
"dDBH","b3",-0.00177215268764851,0.000483414200621464,0.000249170822959657,-0.00214846076159172,0.00156045904538566,-0.00511955253338206,9.32152807095362e-06,3.22799587471691,0.063265306122449,0.256098412932016,980,0.00175793528709751
"dDBH","b4",-0.430651500423759,0.025365720757752,8.48790461669008e-63,-0.433422655271257,0.108534633669784,-0.646745063481238,-0.233275749518975,4.2787916301024,0,7.25173568369147e-05,980,0.0971151771636425
"dDBH","b5",1.28093519885364,0.294176767437975,1.36316556553344e-05,1.30740966986038,0.638315897540844,0.0667575422018938,2.55040151864086,2.16983789406629,0.0408163265306122,0.0447771618114836,980,0.589918243329043
"dDBH","b6",-0.0176012562326039,0.00348811230502865,4.67925737043267e-07,-0.0162883497950342,0.0103992310450735,-0.0358010268690716,0.00585896430222146,2.98133492722738,0.130612244897959,0.0905404641196736,980,0.00975852581862495
"dDBH","b7",-0.0176237502487828,0.00245315992240208,7.82401851202665e-13,-0.0184708093656577,0.00888952161989181,-0.0403146243303542,-0.00411877261022064,3.62370244952778,0.00816326530612245,0.0474198657203462,980,0.00670957459708334
"dDBH","b8",0.304524534930187,0.0829991419409042,0.000246178841106041,0.39137150849524,0.224957364320735,0.00688168985812496,0.84165134496894,2.71035771045568,0.0387755102040816,0.175832461637447,980,0.118349029176239
"dDBH","b9",0.410353392826353,0.238962703717055,0.086003147163474,1.12172658755472,0.611072422179168,-0.103278688775797,2.24846103984525,2.55718742997949,0.073469387755102,0.501883028489134,980,0.321874387078353
"dHT","b0",-3.6115368407385,0.747002445756998,1.38634557827059e-06,-4.10666981162549,1.35916342300663,-8.28893951286747,-2.06496329945099,1.81948992366321,0,0.00787982221765197,980,0.818867198445121
"dHT","b1",1.12068761908095,0.0951646236300222,1.81650437364009e-31,1.18185889508219,0.238768173343108,0.724496007146366,1.66108186389365,2.50900139395688,0,2.68409422053935e-06,980,0.22223931559973
"dHT","b2",-0.115548851420972,0.0128892738101476,4.78413683730678e-19,-0.123020163661408,0.0329671135694428,-0.189177727569624,-0.0621533086924435,2.5577169090386,0,0.000456653151428885,980,0.0294335658905656
"dHT","b3",-0.000912086786630362,0.000302123169001338,0.00255363814029098,-0.00155982175876821,0.00172718202549125,-0.00568309274926976,-4.09996787751831e-05,5.71681420925251,0.0183673469387755,0.597445216938168,980,0.00159151931362142
"dHT","b4",-0.133088590048465,0.0279135079329924,1.93160200541229e-06,-0.123744312371973,0.0969749082801378,-0.314459885124261,0.0556760885098085,3.4741211499798,0.2,0.169938225275167,980,0.0937668588175136
"dHT","b5",-0.525311059029512,0.278125626046988,0.0590010061761245,-0.5377634630988,0.575301930840064,-1.7158081016966,0.546915625415056,2.06849666827489,0.344897959183673,0.361187330538969,980,0.581350213901814
"dHT","b6",0.0379860187025011,0.00488686805274774,9.7976512298932e-15,0.0416529488609289,0.015094902538975,0.0182388092711167,0.0766881946886932,3.08887049456708,0,0.0118533663948729,980,0.0131397795399599
"dHT","b7",-0.124107167977264,0.00727454482562546,6.18122302221517e-63,-0.132502465420976,0.0286855856959464,-0.202661280875555,-0.0894533110344623,3.94328255355551,0,1.51521731325301e-05,980,0.0227458978421169
"dHT","b8",0.223216428520199,0.0685388408835386,0.00113673148873883,0.208496616068663,0.201820930126863,-0.0455440855117288,0.847908388022059,2.9446212910107,0.159183673469388,0.268721201167613,980,0.0974559134496833
"dHT","b9",1.06821987786012,0.204772387737492,1.91970285779648e-07,1.82710965766725,1.0755955788815,0.449970819896859,3.88862933576739,5.25263972728768,0.00408163265306122,0.320640426370715,980,0.505874838866847
