"spec","resp","term","estimate","se","p","ref_estimate","ref_se","dz_refSE"
"fixsrc","dDBH","b0",-1.55483885620451,0.582157496798552,0.00759254834009483,-1.15094113584424,0.676427566826242,-0.597104169268761
"fixsrc","dDBH","b0.DataFIA",0.163206265971797,0.295379762137849,0.580611261316113,NA,NA,NA
"fixsrc","dDBH","b0.DataKMR PSP",1.8275665774441,0.607805830922781,0.00265381727848199,NA,NA,NA
"fixsrc","dDBH","b0.DataPSP",1.35935902209138,0.371391807999394,0.000254799559233605,NA,NA,NA
"fixsrc","dDBH","b1",0.331862031819837,0.037212752955428,6.67087424788564e-19,0.337116783134352,0.0372687733664659,-0.140996089751741
"fixsrc","dDBH","b2",-0.0131190633895821,0.00388647834964112,0.000742590470484829,-0.0143456480282451,0.00389590377091563,0.314839562470697
"fixsrc","dDBH","b3",-0.00178698895875137,0.000484349132652488,0.000227259237006496,-0.00177215268764851,0.000483414200621464,-0.0306905984221938
"fixsrc","dDBH","b4",-0.426435888184772,0.0253872704920612,1.5218569933576e-61,-0.430651500423759,0.025365720757752,0.1661932763215
"fixsrc","dDBH","b5",1.2736248311972,0.293814170766182,1.48932721513919e-05,1.28093519885364,0.294176767437975,-0.0248502548997952
"fixsrc","dDBH","b6",-0.0181202304462589,0.00348627579678138,2.10410054004801e-07,-0.0176012562326039,0.00348811230502865,-0.14878368821636
"fixsrc","dDBH","b7",-0.0178933221116085,0.00244827520789072,3.15534075461158e-13,-0.0176237502487828,0.00245315992240208,-0.109887602664632
"fixsrc","dDBH","b8",0.254661094966061,0.0881895081932136,0.00389887245914087,0.304524534930187,0.0829991419409042,-0.600770547719985
"fixsrc","dDBH","b9",0.260203287074071,0.254086783524953,0.305853536493496,0.410353392826353,0.238962703717055,-0.628341173817933
"fixsrc","dHT","b0",-4.25539065233716,0.44361099029179,1.50649209211683e-21,-3.6115368407385,0.747002445756998,-0.861916604498115
"fixsrc","dHT","b0.DataFIA",-0.539310444015924,0.188227755996495,0.00419039722274787,NA,NA,NA
"fixsrc","dHT","b0.DataKMR PSP",2.07946162794241,0.287211211917703,5.39981973765528e-13,NA,NA,NA
"fixsrc","dHT","b0.DataPSP",1.68793334887308,0.219889278553417,2.07050715768072e-14,NA,NA,NA
"fixsrc","dHT","b1",1.11464279872556,0.0951674933103944,3.76911810251336e-31,1.12068761908095,0.0951646236300222,-0.0635196160591492
"fixsrc","dHT","b2",-0.114707981899318,0.0128994216092934,9.07089437443789e-19,-0.115548851420972,0.0128892738101476,0.0652379283766456
"fixsrc","dHT","b3",-0.000908848748055765,0.00030198397657093,0.00263322187299868,-0.000912086786630362,0.000302123169001338,0.0107176109177589
"fixsrc","dHT","b4",-0.132392857615199,0.0279223547062352,2.19988141618315e-06,-0.133088590048465,0.0279135079329924,0.0249245789865055
"fixsrc","dHT","b5",-0.518266858263513,0.2777468921783,0.0621230694809525,-0.525311059029512,0.278125626046988,0.0253274064174471
"fixsrc","dHT","b6",0.0378784716218246,0.00488792947125782,1.17780224604864e-14,0.0379860187025011,0.00488686805274774,-0.0220073633082952
"fixsrc","dHT","b7",-0.12406634297734,0.0072726476546668,6.32204063919388e-63,-0.124107167977264,0.00727454482562546,0.00561203496605841
"fixsrc","dHT","b8",0.202061897117924,0.0664652484184403,0.00238106127902186,0.223216428520199,0.0685388408835386,-0.308650265011359
"fixsrc","dHT","b9",1.00771722308695,0.199354989082883,4.51014256434022e-07,1.06821987786012,0.204772387737492,-0.295462954950377
