"resp","quantity","estimate","lo95_treeboot","hi95_treeboot","n_planted","n_natural","trees_planted","trees_natural","yip_planted","yip_natural","years_planted","years_natural"
"dDBH","R_planted",0.559222910041956,0.407061629092906,0.719359064435453,94,303,32,119,8,5,"1949-2001","1968-2001"
"dDBH","R_natural",0.41180850339714,0.378226703944551,0.444603866680314,94,303,32,119,8,5,"1949-2001","1968-2001"
"dDBH","contrast_obs",1.35796834069415,0.984153500524482,1.7577408629465,94,303,32,119,8,5,"1949-2001","1968-2001"
"dDBH","contrast_implied_deployed",3.821892905526,3.66469073128715,4.01442952269365,94,303,32,119,8,5,"1949-2001","1968-2001"
"dDBH","obs_over_implied",0.355313027931968,0.249690191429058,0.465683376574323,94,303,32,119,8,5,"1949-2001","1968-2001"
"dHT","R_planted",0.400710706556177,0.312894464604272,0.499946802661123,67,266,30,101,9,5,"1949-2001","1968-2001"
"dHT","R_natural",0.519443277780294,0.470732326805616,0.564158457903409,67,266,30,101,9,5,"1949-2001","1968-2001"
"dHT","contrast_obs",0.771423413675715,0.595711483958024,0.992962789480506,67,266,30,101,9,5,"1949-2001","1968-2001"
"dHT","contrast_implied_deployed",3.78075355360032,3.40469748003563,4.21775226542489,67,266,30,101,9,5,"1949-2001","1968-2001"
"dHT","obs_over_implied",0.204039592303261,0.156535826704261,0.265508548766045,67,266,30,101,9,5,"1949-2001","1968-2001"
