"resp","fit","term","estimate","se","p","ref_estimate","logLik","n"
"dDBH","b0_b9_free","b0",-1.80598929813206,0.0528174408077075,1.15239548868606e-168,-1.15094113584424,-2110.16451080196,973
"dDBH","b0_b9_free","b9",0.283840150780452,0.0922622184101759,0.00215368079167954,0.410353392826353,-2110.16451080196,973
"dDBH","b0_b7_b9_free","b0",-1.80717295550013,0.0529829032557681,4.82102185292454e-168,-1.15094113584424,-2101.23999042541,973
"dDBH","b0_b7_b9_free","b7",0.0275505276302858,0.00845258606460482,0.0011553450990867,-0.0176237502487828,-2101.23999042541,973
"dDBH","b0_b7_b9_free","b9",-0.351050105564059,0.174498298601885,0.0445213833588269,0.410353392826353,-2101.23999042541,973
"dHT","b0_b9_free","b0",-4.38622017430171,0.178678632050214,5.69405338585332e-98,-3.6115368407385,-1387.30138923758,750
"dHT","b0_b9_free","b9",1.01689847836222,0.105296520329921,7.18342654577702e-21,1.06821987786012,-1387.30138923758,750
"dHT","b0_b7_b9_free","b0",-4.38621557367254,0.178769217546367,7.25642268280739e-98,-3.6115368407385,-1386.15276943107,750
"dHT","b0_b7_b9_free","b7",-0.0679334844448546,0.0335703713206298,0.043366849817876,-0.124107167977264,-1386.15276943107,750
"dHT","b0_b7_b9_free","b9",0.559850494935541,0.304171455900176,0.066081874129021,1.06821987786012,-1386.15276943107,750
