"Data","Install","Plot","org","records","resp"
"DOFAW","Waiakea",11,"natural",14,"dDBH"
"DOFAW","Waiakea",14,"natural",13,"dDBH"
"PSP","122",22,"natural",19,"dDBH"
"DOFAW","Kulani",23,"natural",303,"dDBH"
"DOFAW","Waiakea",24,"natural",145,"dDBH"
"DOFAW","Waikamoi",25,"natural",141,"dDBH"
"DOFAW","Laupahoehoe",41,"natural",263,"dDBH"
"PSP","101",1,"planted",160,"dDBH"
"PSP","201",1,"planted",9,"dDBH"
"PSP","102",2,"planted",182,"dDBH"
"PSP","202",2,"planted",155,"dDBH"
"PSP","103",3,"planted",161,"dDBH"
"PSP","203",3,"planted",156,"dDBH"
"PSP","104",4,"planted",204,"dDBH"
"PSP","204",4,"planted",143,"dDBH"
"PSP","105",5,"planted",143,"dDBH"
"PSP","205",5,"planted",87,"dDBH"
"PSP","106",6,"planted",148,"dDBH"
"PSP","206",6,"planted",105,"dDBH"
"PSP","107",7,"planted",98,"dDBH"
"PSP","207",7,"planted",70,"dDBH"
"PSP","108",8,"planted",152,"dDBH"
"PSP","208",8,"planted",52,"dDBH"
"PSP","109",9,"planted",82,"dDBH"
"PSP","110",10,"planted",154,"dDBH"
"PSP","111",11,"planted",96,"dDBH"
"PSP","112",12,"planted",86,"dDBH"
"DOFAW","Kulani",12,"planted",94,"dDBH"
"PSP","113",13,"planted",115,"dDBH"
"PSP","114",14,"planted",167,"dDBH"
"PSP","115",15,"planted",184,"dDBH"
"PSP","116",16,"planted",81,"dDBH"
"PSP","117",17,"planted",65,"dDBH"
"PSP","118",18,"planted",34,"dDBH"
"PSP","119",19,"planted",134,"dDBH"
"PSP","120",20,"planted",154,"dDBH"
"PSP","121",21,"planted",26,"dDBH"
"PSP","123",23,"planted",14,"dDBH"
"PSP","124",24,"planted",10,"dDBH"
"DOFAW","Waiakea",11,"natural",4,"dHT"
"DOFAW","Waiakea",14,"natural",5,"dHT"
"PSP","122",22,"natural",15,"dHT"
"DOFAW","Kulani",23,"natural",266,"dHT"
"DOFAW","Waiakea",24,"natural",83,"dHT"
"DOFAW","Waikamoi",25,"natural",89,"dHT"
"DOFAW","Laupahoehoe",41,"natural",236,"dHT"
"PSP","101",1,"planted",112,"dHT"
"PSP","201",1,"planted",7,"dHT"
"PSP","102",2,"planted",146,"dHT"
"PSP","202",2,"planted",134,"dHT"
"PSP","103",3,"planted",127,"dHT"
"PSP","203",3,"planted",125,"dHT"
"PSP","104",4,"planted",149,"dHT"
"PSP","204",4,"planted",122,"dHT"
"PSP","105",5,"planted",101,"dHT"
"PSP","205",5,"planted",55,"dHT"
"PSP","106",6,"planted",104,"dHT"
"PSP","206",6,"planted",76,"dHT"
"PSP","107",7,"planted",72,"dHT"
"PSP","207",7,"planted",46,"dHT"
"PSP","108",8,"planted",112,"dHT"
"PSP","208",8,"planted",43,"dHT"
"PSP","109",9,"planted",64,"dHT"
"PSP","110",10,"planted",137,"dHT"
"PSP","111",11,"planted",72,"dHT"
"PSP","112",12,"planted",70,"dHT"
"DOFAW","Kulani",12,"planted",67,"dHT"
"PSP","113",13,"planted",100,"dHT"
"PSP","114",14,"planted",144,"dHT"
"PSP","115",15,"planted",169,"dHT"
"PSP","116",16,"planted",72,"dHT"
"PSP","117",17,"planted",61,"dHT"
"PSP","118",18,"planted",28,"dHT"
"PSP","119",19,"planted",131,"dHT"
"PSP","120",20,"planted",148,"dHT"
"PSP","121",21,"planted",20,"dHT"
"PSP","123",23,"planted",11,"dHT"
"PSP","124",24,"planted",10,"dHT"
