table,Scenario,Site,Age,var,point,lo_cur,hi_cur,lo_new,hi_new,width_cur,width_new,width_ratio,pos_cur,pos_new,point_absdiff
even,Even-aged natural,Low (100),20,QMD,18.86,16.52,30.57,16.24,24.7,14.05,8.46,0.6021,0.1665,0.3097,0.0
even,Even-aged natural,Low (100),20,HT,10.84,9.58,15.01,9.55,12.75,5.43,3.2,0.5893,0.232,0.4031,0.0
even,Even-aged natural,Low (100),20,BAPH,11.71,6.59,19.98,6.38,15.9,13.39,9.52,0.711,0.3824,0.5599,0.0
even,Even-aged natural,Low (100),20,TPH,418.88,162.32,434.49,153.6,436.92,272.17,283.32,1.041,0.9426,0.9363,0.0
even,Even-aged natural,Low (100),20,VOL,50.77,28.9,119.57,27.98,80.4,90.67,52.42,0.5781,0.2412,0.4348,0.0
even,Even-aged natural,Low (100),20,MAI,2.54,1.45,5.98,1.4,4.02,4.53,2.62,0.5784,0.2406,0.4351,0.0
even,Even-aged natural,Low (100),40,QMD,27.42,23.09,47.04,22.75,37.71,23.95,14.96,0.6246,0.1808,0.3122,0.0
even,Even-aged natural,Low (100),40,HT,14.1,12.32,19.04,12.15,16.69,6.72,4.54,0.6756,0.2649,0.4295,0.0
even,Even-aged natural,Low (100),40,BAPH,18.85,7.79,28.67,7.4,25.16,20.88,17.76,0.8506,0.5297,0.6447,0.0
even,Even-aged natural,Low (100),40,TPH,319.07,81.05,365.76,77.17,373.69,284.71,296.52,1.0415,0.836,0.8158,0.0
even,Even-aged natural,Low (100),40,VOL,106.33,43.37,206.07,42.08,165.38,162.7,123.3,0.7578,0.387,0.5211,0.0
even,Even-aged natural,Low (100),40,MAI,2.66,1.08,5.15,1.05,4.13,4.07,3.08,0.7568,0.3882,0.5227,0.0
even,Even-aged natural,Low (100),60,QMD,34.86,29.02,60.31,28.56,48.89,31.29,20.33,0.6497,0.1866,0.3099,0.0
even,Even-aged natural,Low (100),60,HT,16.38,14.35,21.26,14.09,19.24,6.91,5.15,0.7453,0.2938,0.4447,0.0
even,Even-aged natural,Low (100),60,BAPH,23.02,8.49,33.03,7.99,30.66,24.54,22.67,0.9238,0.5921,0.663,0.0
even,Even-aged natural,Low (100),60,TPH,241.16,52.99,306.36,48.43,314.45,253.37,266.02,1.0499,0.7427,0.7245,0.0
even,Even-aged natural,Low (100),60,VOL,150.82,54.47,263.37,51.7,223.25,208.9,171.55,0.8212,0.4612,0.5778,0.0
even,Even-aged natural,Low (100),60,MAI,2.51,0.91,4.39,0.86,3.72,3.48,2.86,0.8218,0.4598,0.5769,0.0
even,Even-aged natural,Low (100),100,QMD,47.28,39.11,73.44,38.65,65.91,34.33,27.26,0.7941,0.238,0.3166,0.0
even,Even-aged natural,Low (100),100,HT,19.35,17.06,22.44,16.87,21.78,5.38,4.91,0.9126,0.4257,0.5051,0.0
even,Even-aged natural,Low (100),100,BAPH,26.87,8.78,35.88,8.25,35.11,27.1,26.86,0.9911,0.6675,0.6932,0.0
even,Even-aged natural,Low (100),100,TPH,153.08,31.46,215.89,27.34,222.78,184.43,195.44,1.0597,0.6594,0.6434,0.0
even,Even-aged natural,Low (100),100,VOL,207.95,65.24,308.23,62.55,298.19,242.99,235.64,0.9698,0.5873,0.617,0.0
even,Even-aged natural,Low (100),100,MAI,2.08,0.65,3.08,0.63,2.98,2.43,2.35,0.9671,0.5885,0.617,0.0
even,Even-aged natural,Medium (264),20,QMD,23.11,19.96,38.43,19.62,30.88,18.47,11.26,0.6096,0.1705,0.3099,0.0
even,Even-aged natural,Medium (264),20,HT,13.26,11.7,18.13,11.66,15.39,6.43,3.73,0.5801,0.2426,0.429,0.0
even,Even-aged natural,Medium (264),20,BAPH,15.81,8.04,24.74,7.26,20.59,16.7,13.33,0.7982,0.4653,0.6414,0.0
even,Even-aged natural,Medium (264),20,TPH,376.96,108.06,428.34,114.67,432.58,320.28,317.91,0.9926,0.8396,0.825,0.0
even,Even-aged natural,Medium (264),20,VOL,83.87,41.61,167.35,39.55,121.98,125.74,82.43,0.6556,0.3361,0.5377,0.0
even,Even-aged natural,Medium (264),20,MAI,4.19,2.08,8.37,1.98,6.1,6.29,4.12,0.655,0.3355,0.5364,0.0
even,Even-aged natural,Medium (264),40,QMD,34.75,28.96,58.07,28.45,47.9,29.11,19.45,0.6682,0.1989,0.3239,0.0
even,Even-aged natural,Medium (264),40,HT,17.26,15.19,22.24,15.16,19.65,7.05,4.49,0.6369,0.2936,0.4677,0.0
even,Even-aged natural,Medium (264),40,BAPH,23.2,9.37,34.08,8.37,31.0,24.71,22.63,0.9158,0.5597,0.6553,0.0
even,Even-aged natural,Medium (264),40,TPH,244.63,53.84,343.47,54.33,352.18,289.63,297.85,1.0284,0.6587,0.6389,0.0
even,Even-aged natural,Medium (264),40,VOL,160.16,63.24,272.48,56.8,230.86,209.24,174.06,0.8319,0.4632,0.5938,0.0
even,Even-aged natural,Medium (264),40,MAI,4.0,1.58,6.81,1.42,5.77,5.23,4.35,0.8317,0.4627,0.5931,0.0
even,Even-aged natural,Medium (264),60,QMD,44.4,36.65,70.53,36.05,61.98,33.88,25.93,0.7653,0.2287,0.322,0.0
even,Even-aged natural,Medium (264),60,HT,19.76,17.53,23.34,17.43,22.14,5.81,4.71,0.8107,0.3838,0.4947,0.0
even,Even-aged natural,Medium (264),60,BAPH,26.37,10.16,37.18,8.53,35.68,27.02,27.15,1.0048,0.5999,0.6571,0.0
even,Even-aged natural,Medium (264),60,TPH,170.29,35.16,270.88,34.43,279.89,235.72,245.46,1.0413,0.5733,0.5535,0.0
even,Even-aged natural,Medium (264),60,VOL,208.41,75.8,329.35,65.69,295.09,253.55,229.4,0.9048,0.523,0.6221,0.0
even,Even-aged natural,Medium (264),60,MAI,3.47,1.26,5.49,1.09,4.92,4.23,3.83,0.9054,0.5225,0.6214,0.0
even,Even-aged natural,Medium (264),100,QMD,59.97,49.03,82.73,48.37,78.89,33.7,30.52,0.9056,0.3246,0.3801,0.0
even,Even-aged natural,Medium (264),100,HT,22.78,20.41,24.0,20.37,23.71,3.59,3.34,0.9304,0.6602,0.7216,0.0
even,Even-aged natural,Medium (264),100,BAPH,28.96,9.52,38.93,8.29,39.06,29.41,30.77,1.0462,0.661,0.6718,0.0
even,Even-aged natural,Medium (264),100,TPH,102.52,19.4,177.62,18.43,184.46,158.22,166.03,1.0494,0.5253,0.5065,0.0
even,Even-aged natural,Medium (264),100,VOL,263.81,84.05,360.51,71.36,354.27,276.46,282.91,1.0233,0.6502,0.6803,0.0
even,Even-aged natural,Medium (264),100,MAI,2.64,0.84,3.61,0.71,3.54,2.77,2.83,1.0217,0.6498,0.682,0.0
even,Even-aged natural,High (450),20,QMD,26.08,22.01,44.25,21.83,34.23,22.24,12.4,0.5576,0.183,0.3427,0.0
even,Even-aged natural,High (450),20,HT,15.24,13.46,20.57,13.42,17.36,7.11,3.94,0.5541,0.2504,0.4619,0.0
even,Even-aged natural,High (450),20,BAPH,18.26,7.58,27.86,7.68,24.2,20.28,16.52,0.8146,0.5266,0.6404,0.0
even,Even-aged natural,High (450),20,TPH,341.84,71.28,425.05,86.48,424.29,353.77,337.81,0.9549,0.7648,0.7559,0.0
even,Even-aged natural,High (450),20,VOL,111.28,48.41,215.58,48.55,162.13,167.17,113.58,0.6794,0.3761,0.5523,0.0
even,Even-aged natural,High (450),20,MAI,5.56,2.42,10.78,2.43,8.11,8.36,5.68,0.6794,0.3756,0.5511,0.0
even,Even-aged natural,High (450),40,QMD,39.61,32.69,67.45,32.22,53.88,34.76,21.66,0.6231,0.1991,0.3412,0.0
even,Even-aged natural,High (450),40,HT,19.67,17.36,24.27,17.36,22.07,6.91,4.71,0.6816,0.3343,0.4904,0.0
even,Even-aged natural,High (450),40,BAPH,25.09,8.3,35.4,8.81,34.04,27.1,25.23,0.931,0.6196,0.6453,0.0
even,Even-aged natural,High (450),40,TPH,203.56,33.12,320.28,40.79,324.65,287.16,283.86,0.9885,0.5935,0.5734,0.0
even,Even-aged natural,High (450),40,VOL,197.4,69.39,327.91,70.14,284.63,258.52,214.49,0.8297,0.4952,0.5933,0.0
even,Even-aged natural,High (450),40,MAI,4.94,1.73,8.2,1.75,7.12,6.47,5.37,0.83,0.4961,0.594,0.0
even,Even-aged natural,High (450),60,QMD,50.58,41.81,77.97,40.78,68.64,36.16,27.86,0.7705,0.2425,0.3518,0.0
even,Even-aged natural,High (450),60,HT,22.3,19.85,25.11,19.9,24.33,5.26,4.43,0.8422,0.4658,0.5418,0.0
even,Even-aged natural,High (450),60,BAPH,27.67,8.51,38.52,9.03,37.51,30.01,28.48,0.949,0.6385,0.6545,0.0
even,Even-aged natural,High (450),60,TPH,137.67,23.8,233.45,27.47,242.55,209.65,215.08,1.0259,0.5431,0.5124,0.0
even,Even-aged natural,High (450),60,VOL,246.73,73.21,368.83,80.09,345.42,295.62,265.33,0.8975,0.587,0.628,0.0
even,Even-aged natural,High (450),60,MAI,4.11,1.22,6.15,1.33,5.76,4.93,4.43,0.8986,0.5862,0.6275,0.0
even,Even-aged natural,High (450),100,QMD,65.36,56.13,87.55,54.43,80.67,31.42,26.24,0.8351,0.2938,0.4165,0.0
even,Even-aged natural,High (450),100,HT,24.51,22.21,25.63,22.41,25.27,3.42,2.86,0.8363,0.6725,0.7343,0.0
even,Even-aged natural,High (450),100,BAPH,28.14,7.54,39.6,8.06,38.59,32.06,30.53,0.9523,0.6425,0.6577,0.0
even,Even-aged natural,High (450),100,TPH,83.86,13.52,146.72,16.39,151.59,133.2,135.2,1.015,0.5281,0.499,0.0
even,Even-aged natural,High (450),100,VOL,275.84,68.48,392.37,72.4,382.53,323.89,310.13,0.9575,0.6402,0.656,0.0
even,Even-aged natural,High (450),100,MAI,2.76,0.68,3.92,0.72,3.83,3.24,3.11,0.9599,0.642,0.6559,0.0
even,Even-aged planted,Low (100),20,QMD,27.21,19.18,33.91,22.68,34.09,14.73,11.41,0.7746,0.5451,0.397,0.0
even,Even-aged planted,Low (100),20,HT,14.8,11.59,16.83,12.98,16.7,5.24,3.72,0.7099,0.6126,0.4892,0.0
even,Even-aged planted,Low (100),20,BAPH,41.15,24.29,51.19,28.08,50.18,26.9,22.1,0.8216,0.6268,0.5914,0.0
even,Even-aged planted,Low (100),20,TPH,707.72,391.65,983.79,386.39,927.39,592.14,541.0,0.9136,0.5338,0.594,0.0
even,Even-aged planted,Low (100),20,VOL,243.57,117.55,331.75,156.76,320.2,214.2,163.44,0.763,0.5883,0.5311,0.0
even,Even-aged planted,Low (100),20,MAI,12.18,5.88,16.59,7.84,16.01,10.71,8.17,0.7628,0.5882,0.5312,0.0
even,Even-aged planted,Low (100),40,QMD,37.8,26.79,46.73,31.33,46.34,19.94,15.01,0.7528,0.5522,0.431,0.0
even,Even-aged planted,Low (100),40,HT,18.15,14.67,20.07,16.13,20.08,5.4,3.95,0.7315,0.6444,0.5114,0.0
even,Even-aged planted,Low (100),40,BAPH,50.72,34.22,59.11,35.65,59.12,24.89,23.47,0.9429,0.6629,0.6421,0.0
even,Even-aged planted,Low (100),40,TPH,451.97,244.34,723.0,246.89,647.61,478.66,400.72,0.8372,0.4338,0.5118,0.0
even,Even-aged planted,Low (100),40,VOL,368.22,201.74,460.01,243.61,450.82,258.27,207.21,0.8023,0.6446,0.6014,0.0
even,Even-aged planted,Low (100),40,MAI,9.21,5.04,11.5,6.09,11.27,6.46,5.18,0.8019,0.6455,0.6023,0.0
even,Even-aged planted,Low (100),60,QMD,44.78,32.5,52.24,37.62,51.76,19.74,14.14,0.7163,0.6221,0.5064,0.0
even,Even-aged planted,Low (100),60,HT,19.8,16.52,20.81,18.12,20.89,4.29,2.77,0.6457,0.7646,0.6065,0.0
even,Even-aged planted,Low (100),60,BAPH,53.86,38.47,61.04,39.19,61.6,22.57,22.41,0.9929,0.6819,0.6546,0.0
even,Even-aged planted,Low (100),60,TPH,341.93,204.07,562.97,196.13,489.79,358.9,293.66,0.8182,0.3841,0.4965,0.0
even,Even-aged planted,Low (100),60,VOL,426.58,265.15,495.21,297.24,494.21,230.06,196.97,0.8562,0.7017,0.6566,0.0
even,Even-aged planted,Low (100),60,MAI,7.11,4.42,8.25,4.95,8.24,3.83,3.29,0.859,0.7023,0.6565,0.0
even,Even-aged planted,Low (100),100,QMD,52.03,41.58,59.96,46.01,59.18,18.38,13.17,0.7165,0.5686,0.4571,0.0
even,Even-aged planted,Low (100),100,HT,20.64,18.99,21.52,19.67,21.66,2.53,1.99,0.7866,0.6522,0.4874,0.0
even,Even-aged planted,Low (100),100,BAPH,54.55,39.08,62.4,39.45,63.07,23.32,23.62,1.0129,0.6634,0.6393,0.0
even,Even-aged planted,Low (100),100,TPH,256.6,155.05,388.54,148.09,348.46,233.49,200.37,0.8582,0.4349,0.5415,0.0
even,Even-aged planted,Low (100),100,VOL,450.43,316.45,527.55,323.25,527.44,211.1,204.19,0.9673,0.6347,0.6229,0.0
even,Even-aged planted,Low (100),100,MAI,4.5,3.16,5.28,3.23,5.27,2.12,2.04,0.9623,0.6321,0.6225,0.0
even,Even-aged planted,Medium (264),20,QMD,32.52,23.3,41.56,27.74,39.88,18.26,12.14,0.6648,0.5049,0.3937,0.0
even,Even-aged planted,Medium (264),20,HT,17.49,13.98,19.68,15.75,19.42,5.7,3.67,0.6439,0.6158,0.4741,0.0
even,Even-aged planted,Medium (264),20,BAPH,47.21,28.83,56.49,29.98,56.6,27.66,26.62,0.9624,0.6645,0.6473,0.0
even,Even-aged planted,Medium (264),20,TPH,568.33,274.64,887.09,268.33,753.76,612.45,485.43,0.7926,0.4795,0.618,0.0
even,Even-aged planted,Medium (264),20,VOL,330.34,175.4,420.42,211.43,421.4,245.02,209.97,0.857,0.6324,0.5663,0.0
even,Even-aged planted,Medium (264),20,MAI,16.52,8.77,21.02,10.57,21.07,12.25,10.5,0.8571,0.6327,0.5667,0.0
even,Even-aged planted,Medium (264),40,QMD,44.5,32.57,52.61,38.36,51.45,20.04,13.09,0.6532,0.5953,0.4691,0.0
even,Even-aged planted,Medium (264),40,HT,20.82,17.32,21.78,19.29,21.77,4.46,2.48,0.5561,0.7848,0.6169,0.0
even,Even-aged planted,Medium (264),40,BAPH,53.83,34.78,61.28,35.52,61.88,26.5,26.36,0.9947,0.7189,0.6946,0.0
even,Even-aged planted,Medium (264),40,TPH,346.17,181.83,597.74,173.9,475.95,415.91,302.05,0.7262,0.3951,0.5703,0.0
even,Even-aged planted,Medium (264),40,VOL,448.22,264.62,516.39,284.7,516.64,251.77,231.94,0.9212,0.7292,0.705,0.0
even,Even-aged planted,Medium (264),40,MAI,11.21,6.62,12.91,7.12,12.92,6.29,5.8,0.9221,0.7297,0.7052,0.0
even,Even-aged planted,Medium (264),60,QMD,49.81,39.42,58.51,45.0,57.05,19.09,12.05,0.6312,0.5443,0.3992,0.0
even,Even-aged planted,Medium (264),60,HT,21.55,19.38,22.4,20.59,22.46,3.02,1.87,0.6192,0.7185,0.5134,0.0
even,Even-aged planted,Medium (264),60,BAPH,55.68,37.02,62.63,37.14,63.53,25.61,26.39,1.0305,0.7286,0.7025,0.0
even,Even-aged planted,Medium (264),60,TPH,285.76,152.68,448.26,148.61,371.17,295.58,222.56,0.753,0.4502,0.6162,0.0
even,Even-aged planted,Medium (264),60,VOL,479.9,303.42,546.59,319.97,549.03,243.17,229.06,0.942,0.7257,0.6982,0.0
even,Even-aged planted,Medium (264),60,MAI,8.0,5.06,9.11,5.33,9.15,4.05,3.82,0.9432,0.7259,0.699,0.0
even,Even-aged planted,Medium (264),100,QMD,57.34,47.53,64.75,52.38,63.92,17.22,11.54,0.6702,0.5697,0.4298,0.0
even,Even-aged planted,Medium (264),100,HT,22.24,20.94,22.94,21.31,23.0,2.0,1.69,0.845,0.65,0.5503,0.0
even,Even-aged planted,Medium (264),100,BAPH,55.26,36.94,62.95,36.55,63.75,26.01,27.2,1.0458,0.7043,0.6879,0.0
even,Even-aged planted,Medium (264),100,TPH,213.96,117.45,319.49,112.78,280.47,202.04,167.69,0.83,0.4777,0.6034,0.0
even,Even-aged planted,Medium (264),100,VOL,491.65,324.99,560.79,315.46,564.11,235.8,248.65,1.0545,0.7068,0.7086,0.0
even,Even-aged planted,Medium (264),100,MAI,4.92,3.25,5.61,3.15,5.64,2.36,2.49,1.0551,0.7076,0.7108,0.0
even,Even-aged planted,High (450),20,QMD,35.8,25.57,44.38,30.38,44.02,18.81,13.64,0.7251,0.5439,0.3974,0.0
even,Even-aged planted,High (450),20,HT,19.61,15.86,21.83,17.72,21.57,5.97,3.85,0.6449,0.6281,0.4909,0.0
even,Even-aged planted,High (450),20,BAPH,50.01,30.93,58.58,33.43,58.77,27.65,25.34,0.9165,0.6901,0.6543,0.0
even,Even-aged planted,High (450),20,TPH,496.87,269.63,799.82,261.91,676.73,530.19,414.82,0.7824,0.4286,0.5664,0.0
even,Even-aged planted,High (450),20,VOL,392.29,207.69,488.45,260.11,487.36,280.76,227.25,0.8094,0.6575,0.5817,0.0
even,Even-aged planted,High (450),20,MAI,19.61,10.38,24.42,13.01,24.37,14.04,11.36,0.8091,0.6574,0.581,0.0
even,Even-aged planted,High (450),40,QMD,46.99,35.32,54.33,42.08,54.01,19.01,11.93,0.6276,0.6139,0.4116,0.0
even,Even-aged planted,High (450),40,HT,22.37,19.46,23.43,21.34,23.21,3.97,1.87,0.471,0.733,0.5508,0.0
even,Even-aged planted,High (450),40,BAPH,54.8,37.61,62.83,37.98,62.56,25.22,24.58,0.9746,0.6816,0.6843,0.0
even,Even-aged planted,High (450),40,TPH,316.01,182.93,504.41,180.24,416.33,321.48,236.09,0.7344,0.414,0.5751,0.0
even,Even-aged planted,High (450),40,VOL,490.44,308.47,564.68,336.09,562.38,256.21,226.29,0.8832,0.7102,0.6821,0.0
even,Even-aged planted,High (450),40,MAI,12.26,7.71,14.12,8.4,14.06,6.41,5.66,0.883,0.7098,0.682,0.0
even,Even-aged planted,High (450),60,QMD,52.66,42.39,60.3,47.33,59.62,17.91,12.29,0.6862,0.5734,0.4337,0.0
even,Even-aged planted,High (450),60,HT,23.09,21.46,24.04,22.1,23.92,2.58,1.82,0.7054,0.6318,0.544,0.0
even,Even-aged planted,High (450),60,BAPH,56.52,39.79,64.15,39.68,64.21,24.36,24.53,1.007,0.6868,0.6865,0.0
even,Even-aged planted,High (450),60,TPH,259.49,153.83,382.36,152.92,337.78,228.53,184.86,0.8089,0.4623,0.5765,0.0
even,Even-aged planted,High (450),60,VOL,521.94,353.72,594.55,362.52,593.59,240.83,231.07,0.9595,0.6985,0.6899,0.0
even,Even-aged planted,High (450),60,MAI,8.7,5.9,9.91,6.04,9.89,4.01,3.85,0.9601,0.6983,0.6909,0.0
even,Even-aged planted,High (450),100,QMD,59.79,49.89,65.91,54.74,65.92,16.02,11.18,0.6979,0.618,0.4517,0.0
even,Even-aged planted,High (450),100,HT,23.64,22.21,24.45,22.74,24.32,2.24,1.58,0.7054,0.6384,0.5696,0.0
even,Even-aged planted,High (450),100,BAPH,54.45,37.7,62.64,38.06,63.32,24.94,25.26,1.0128,0.6716,0.6489,0.0
even,Even-aged planted,High (450),100,TPH,193.95,115.62,288.51,116.6,256.98,172.89,140.38,0.812,0.4531,0.551,0.0
even,Even-aged planted,High (450),100,VOL,514.91,336.88,597.7,350.73,597.88,260.82,247.15,0.9476,0.6826,0.6643,0.0
even,Even-aged planted,High (450),100,MAI,5.15,3.37,5.98,3.51,5.98,2.61,2.47,0.9464,0.682,0.664,0.0
uneven,Uneven-aged natural,Low (100),20,QMD,21.2,16.4,41.3,15.7,30.3,24.9,14.6,0.5863,0.1928,0.3767,0.0
uneven,Uneven-aged natural,Low (100),20,VOL,76.1,35.2,176.1,33.7,131.4,140.9,97.7,0.6934,0.2903,0.434,0.0
uneven,Uneven-aged natural,Low (100),40,QMD,36.7,28.4,65.4,27.3,48.9,37.0,21.6,0.5838,0.2243,0.4352,0.0
uneven,Uneven-aged natural,Low (100),40,VOL,170.6,84.8,291.3,86.3,241.4,206.5,155.1,0.7511,0.4155,0.5435,0.0
uneven,Uneven-aged natural,Low (100),60,QMD,47.9,38.2,81.1,37.5,62.4,42.9,24.9,0.5804,0.2261,0.4177,0.0
uneven,Uneven-aged natural,Low (100),60,VOL,233.8,141.3,390.4,141.2,320.9,249.1,179.7,0.7214,0.3713,0.5153,0.0
uneven,Uneven-aged natural,Low (100),100,QMD,64.5,50.8,85.0,50.8,80.5,34.2,29.7,0.8684,0.4006,0.4613,0.0
uneven,Uneven-aged natural,Low (100),100,VOL,340.9,233.3,456.5,205.1,438.2,223.2,233.1,1.0444,0.4821,0.5826,0.0
uneven,Uneven-aged natural,Medium (264),20,QMD,30.0,23.5,53.4,22.8,38.2,29.9,15.4,0.5151,0.2174,0.4675,0.0
uneven,Uneven-aged natural,Medium (264),20,VOL,133.7,66.6,240.4,60.5,205.0,173.8,144.5,0.8314,0.3861,0.5066,0.0
uneven,Uneven-aged natural,Medium (264),40,QMD,47.9,39.4,79.0,38.8,59.8,39.6,21.0,0.5303,0.2146,0.4333,0.0
uneven,Uneven-aged natural,Medium (264),40,VOL,235.2,155.5,374.7,136.6,325.0,219.2,188.4,0.8595,0.3636,0.5234,0.0
uneven,Uneven-aged natural,Medium (264),60,QMD,61.1,51.0,84.2,50.0,74.5,33.2,24.5,0.738,0.3042,0.4531,0.0
uneven,Uneven-aged natural,Medium (264),60,VOL,313.7,229.4,444.1,211.7,408.9,214.7,197.2,0.9185,0.3926,0.5172,0.0
uneven,Uneven-aged natural,Medium (264),100,QMD,79.8,63.3,88.3,62.4,88.5,25.0,26.1,1.044,0.66,0.6667,0.0
uneven,Uneven-aged natural,Medium (264),100,VOL,447.2,320.2,519.9,293.0,514.2,199.7,221.2,1.1077,0.636,0.6971,0.0
uneven,Uneven-aged natural,High (450),20,QMD,34.8,28.1,60.3,27.6,44.3,32.2,16.7,0.5186,0.2081,0.4311,0.0
uneven,Uneven-aged natural,High (450),20,VOL,169.8,70.2,309.7,67.2,263.5,239.5,196.3,0.8196,0.4159,0.5227,0.0
uneven,Uneven-aged natural,High (450),40,QMD,54.9,45.5,84.7,44.4,67.6,39.2,23.2,0.5918,0.2398,0.4526,0.0
uneven,Uneven-aged natural,High (450),40,VOL,283.0,165.0,448.1,173.4,381.0,283.1,207.6,0.7333,0.4168,0.5279,0.0
uneven,Uneven-aged natural,High (450),60,QMD,69.1,57.9,86.4,55.5,82.9,28.5,27.4,0.9614,0.393,0.4964,0.0
uneven,Uneven-aged natural,High (450),60,VOL,374.9,227.0,484.0,240.2,468.3,257.0,228.1,0.8875,0.5755,0.5905,0.0
uneven,Uneven-aged natural,High (450),100,QMD,88.0,58.2,88.0,62.0,88.8,29.8,26.8,0.8993,1.0,0.9701,0.0
uneven,Uneven-aged natural,High (450),100,VOL,530.7,277.4,553.8,295.1,561.1,276.4,266.0,0.9624,0.9164,0.8857,0.0
