"grouping","level","n_draws","cal_dd_nat_med","cal_dd_nat_lo95","cal_dd_nat_hi95","cal_dd_plt_med","cal_dd_plt_lo95","cal_dd_plt_hi95","cal_dh_nat_med","cal_dh_nat_lo95","cal_dh_nat_hi95","cal_dh_plt_med","cal_dh_plt_lo95","cal_dh_plt_hi95","kmort_med","kmort_lo95","kmort_hi95"
"base","engine constants (all sources)",NA,0.59936,NA,NA,1.6026,NA,NA,0.18025,NA,NA,1.1929,NA,NA,2.5428,NA,NA
"all","all 500 draws",500,0.65242,0.33252,1.6455,1.5684,0.71979,3.1602,0.1588,0.037523,0.86241,1.1457,0.16063,4.5985,2.6196,1.7187,5.0726
"source marginal","DOFAW present",353,0.58718,0.31654,1.1308,1.4783,0.69227,3.1575,0.1794,0.050212,0.66967,1.0071,0.13423,4.0673,2.6157,1.7605,5.0086
"source marginal","DOFAW absent",147,0.85387,0.40619,1.9214,1.7787,0.94178,3.0987,0.10043,0.028965,1.2079,1.4026,0.41799,5.2179,2.6246,1.6556,5.0689
"source marginal","FIA present",354,0.655,0.33694,1.3979,1.5819,0.69486,3.1036,0.13264,0.034778,0.60293,1.1707,0.13817,4.7284,2.6253,1.6718,5.1981
"source marginal","FIA absent",146,0.63665,0.32266,1.9241,1.5291,0.78639,3.1633,0.23423,0.071759,1.2122,1.0973,0.31115,3.9584,2.6119,1.8153,4.6458
"source marginal","KMR PSP present",346,0.67048,0.33267,1.6926,1.6703,0.86333,3.2479,0.15934,0.037618,0.93046,1.2622,0.35134,5.0709,2.6099,1.7507,4.5262
"source marginal","KMR PSP absent",154,0.62729,0.3384,1.4456,1.2703,0.61301,2.8168,0.15704,0.040651,0.77768,1.0003,0.11561,3.8418,2.666,1.7159,6.3766
"source marginal","PSP present",345,0.67274,0.34432,1.7656,1.5867,0.87172,3.0611,0.15778,0.036282,1.0331,1.1618,0.34594,4.1722,2.6246,1.6875,5.63
"source marginal","PSP absent",155,0.62206,0.29412,1.1266,1.545,0.60264,3.2415,0.15962,0.041866,0.59374,0.98132,0.11592,5.3194,2.5851,1.763,4.4448
"origin support","natural from PSP only (no DOFAW, no FIA)",25,1.4401,0.745,2.5004,1.6442,0.94141,2.2648,0.71611,0.21396,2.2345,1.3409,0.3953,4.1027,2.5312,1.7323,3.6423
"origin support","planted from DOFAW only (no KMR PSP, no PSP)",26,0.66687,0.34411,1.2099,0.79921,0.4165,1.4267,0.17678,0.06057,0.6942,0.16084,0.064934,0.72193,2.4656,1.8165,6.3095
"sources present","DOFAW",2,0.57106,0.53725,0.60486,0.73081,0.71383,0.74779,0.21317,0.12508,0.30126,0.18657,0.10972,0.26342,2.1284,2.0533,2.2035
"sources present","DOFAW+FIA",24,0.68243,0.3423,1.2132,0.80342,0.41577,1.4291,0.17678,0.059823,0.73473,0.16084,0.063846,0.77001,2.4886,1.8088,6.4375
"sources present","DOFAW+FIA+KMR PSP",87,0.57195,0.27755,1.0123,1.545,0.73463,3.0473,0.17092,0.046324,0.5785,0.97784,0.30208,4.6585,2.6329,1.7304,4.3649
"sources present","DOFAW+FIA+KMR PSP+PSP",49,0.59673,0.32305,1.1779,1.817,0.99012,3.2938,0.16533,0.059987,0.44922,1.1553,0.4311,3.0892,2.5679,1.7147,4.0565
"sources present","DOFAW+FIA+PSP",72,0.57735,0.34499,0.97194,1.3712,0.79225,2.962,0.19467,0.067202,0.72142,1.1321,0.35426,4.1998,2.6944,1.7597,6.3054
"sources present","DOFAW+KMR PSP",16,0.60214,0.26652,1.2347,1.6671,0.68671,3.8253,0.21667,0.074043,0.637,1.3148,0.47723,4.4504,2.3945,1.8013,3.7494
"sources present","DOFAW+KMR PSP+PSP",77,0.56859,0.36579,1.1041,1.574,1.0653,3.1542,0.19728,0.074278,0.62516,1.1483,0.39814,3.872,2.6938,1.8729,5.1104
"sources present","DOFAW+PSP",26,0.57024,0.29321,0.7598,1.3013,0.82081,1.9947,0.1486,0.053589,0.44626,0.80464,0.31115,3.062,2.5252,1.8282,5.1554
"sources present","FIA+KMR PSP",26,0.72682,0.45533,1.089,2.0898,1.5128,3.1378,0.063224,0.025332,0.32928,1.8355,0.65373,8.3807,2.6727,1.9575,3.678
"sources present","FIA+KMR PSP+PSP",68,0.84227,0.38019,1.6976,1.6796,0.94153,3.2238,0.083611,0.026593,0.40712,1.3615,0.4205,4.797,2.5828,1.6559,5.6119
"sources present","FIA+PSP",28,0.83761,0.46448,1.7621,1.8038,0.88653,2.7508,0.093444,0.030766,0.25229,1.1225,0.36667,3.5547,2.8765,1.7074,5.5647
"sources present","KMR PSP+PSP",23,1.4401,0.74099,2.1879,1.6442,0.94103,2.1878,0.63935,0.21044,2.252,1.1426,0.39041,4.1179,2.5312,1.7218,3.4867
"sources present","PSP",2,1.7348,0.9,2.5695,1.7379,1.1519,2.3238,1.007,0.87879,1.1352,1.9125,1.459,2.366,3.0169,2.209,3.8249
"multiset drawn","DOFAW|DOFAW|DOFAW|DOFAW",2,0.57106,0.53725,0.60486,0.73081,0.71383,0.74779,0.21317,0.12508,0.30126,0.18657,0.10972,0.26342,2.1284,2.0533,2.2035
"multiset drawn","DOFAW|DOFAW|DOFAW|FIA",8,0.67562,0.53498,1.1381,0.82227,0.63545,1.3534,0.19347,0.065775,1.059,0.18501,0.064757,1.147,2.2728,1.9054,3.3305
"multiset drawn","DOFAW|DOFAW|DOFAW|KMR PSP",2,0.48483,0.308,0.66166,1.0471,0.65807,1.4361,0.34252,0.24322,0.44181,1.0107,0.71822,1.3032,3.5082,3.2419,3.7744
"multiset drawn","DOFAW|DOFAW|DOFAW|PSP",10,0.49629,0.28024,0.66724,1.2753,0.80562,1.9807,0.10157,0.07091,0.25266,0.57131,0.31394,1.4087,2.4701,1.9082,3.5945
"multiset drawn","DOFAW|DOFAW|FIA|FIA",11,0.68365,0.35323,0.92104,0.80947,0.43823,1.0617,0.15309,0.079382,0.24081,0.139,0.084249,0.2398,2.641,1.7586,6.9479
"multiset drawn","DOFAW|DOFAW|FIA|KMR PSP",34,0.56295,0.33935,0.95612,1.2439,0.70989,2.1841,0.17298,0.057813,0.52887,0.76155,0.23972,2.49,2.5183,1.9065,3.7806
"multiset drawn","DOFAW|DOFAW|FIA|PSP",25,0.71165,0.3446,0.98015,1.8984,0.83941,2.9709,0.1625,0.075887,0.57467,1.0071,0.42511,3.7006,2.7643,1.7474,4.0931
"multiset drawn","DOFAW|DOFAW|KMR PSP|KMR PSP",9,0.63961,0.28015,1.2624,1.5976,0.82091,3.4224,0.19312,0.074344,0.54238,1.3111,0.46229,3.058,2.3555,1.787,3.5423
"multiset drawn","DOFAW|DOFAW|KMR PSP|PSP",32,0.69144,0.38543,1.1576,1.6161,1.1065,3.0217,0.19679,0.082349,0.54495,1.0673,0.40705,3.0067,2.6899,2.0258,3.8332
"multiset drawn","DOFAW|DOFAW|PSP|PSP",9,0.54622,0.38119,0.66886,1.3191,0.96292,1.9663,0.19063,0.068665,0.26064,1.0026,0.42061,1.6742,2.6625,1.7454,3.3113
"multiset drawn","DOFAW|FIA|FIA|FIA",5,0.68121,0.38523,1.196,0.79989,0.43935,1.3927,0.17635,0.081229,0.3406,0.18774,0.089463,0.34582,2.496,2.1005,5.109
"multiset drawn","DOFAW|FIA|FIA|KMR PSP",20,0.55996,0.33086,1.0129,1.3136,0.86619,2.759,0.14534,0.043809,0.57187,0.90754,0.30627,4.7378,2.6629,1.7881,4.6385
"multiset drawn","DOFAW|FIA|FIA|PSP",22,0.5408,0.41637,0.75372,1.2172,0.85322,2.0749,0.1873,0.058521,0.68508,1.1589,0.33151,4.0092,2.6889,1.791,5.7007
"multiset drawn","DOFAW|FIA|KMR PSP|KMR PSP",33,0.57965,0.31823,1.0626,1.8152,1.0303,3.5287,0.18001,0.054008,0.60817,1.4793,0.46471,4.8849,2.7669,1.636,4.4611
"multiset drawn","DOFAW|FIA|KMR PSP|PSP",49,0.59673,0.32305,1.1779,1.817,0.99012,3.2938,0.16533,0.059987,0.44922,1.1553,0.4311,3.0892,2.5679,1.7147,4.0565
"multiset drawn","DOFAW|FIA|PSP|PSP",25,0.51397,0.32428,1.0343,1.2332,0.82946,2.9164,0.21853,0.082395,0.7194,1.3337,0.50672,4.0747,2.609,1.7945,6.8636
"multiset drawn","DOFAW|KMR PSP|KMR PSP|KMR PSP",5,0.56467,0.516,0.96487,2.557,1.5393,3.7854,0.23758,0.080028,0.65081,2.1361,0.67954,5.0219,2.3228,2.2572,3.4986
"multiset drawn","DOFAW|KMR PSP|KMR PSP|PSP",26,0.52764,0.34733,1.0555,1.4561,0.9753,3.1633,0.26286,0.069191,0.78145,1.6786,0.42142,4.7752,2.5513,1.8436,6.4543
"multiset drawn","DOFAW|KMR PSP|PSP|PSP",19,0.5601,0.41335,0.95967,1.6043,1.1494,2.8006,0.14202,0.073588,0.43211,0.7767,0.45276,2.4002,2.7329,1.917,5.7457
"multiset drawn","DOFAW|PSP|PSP|PSP",7,0.60436,0.37636,0.81268,1.4266,1.0718,1.8566,0.12637,0.054693,0.45944,1.0025,0.33841,3.337,2.5064,2.0404,6.0467
"multiset drawn","FIA|FIA|FIA|KMR PSP",6,0.76092,0.52586,0.95847,2.4915,1.6677,3.0169,0.067031,0.013778,0.093083,1.709,0.3997,2.1781,2.7248,2.3458,3.5113
"multiset drawn","FIA|FIA|FIA|PSP",8,0.90062,0.44174,1.3907,1.9602,1.0313,2.7813,0.097365,0.03727,0.23033,1.6863,0.4992,3.2996,3.1139,2.1382,7.1149
"multiset drawn","FIA|FIA|KMR PSP|KMR PSP",13,0.60605,0.42146,1.1033,1.7287,1.4666,3.1794,0.064624,0.038572,0.20287,2.0014,0.99344,5.6633,2.679,1.8986,3.688
"multiset drawn","FIA|FIA|KMR PSP|PSP",23,0.798,0.53429,1.528,1.6703,0.98197,3.2451,0.081567,0.031916,0.30513,1.3573,0.42033,4.2427,2.3704,1.7334,5.8602
"multiset drawn","FIA|FIA|PSP|PSP",13,0.77117,0.51208,1.7362,1.9151,0.80054,2.678,0.066419,0.03142,0.21988,1.0519,0.48148,3.3313,3.0144,1.7187,4.0837
"multiset drawn","FIA|KMR PSP|KMR PSP|KMR PSP",7,0.73436,0.55107,1.0392,2.3783,1.6457,2.9987,0.061825,0.03627,0.44357,1.8866,0.99261,10.245,2.6347,2.1896,3.0324
"multiset drawn","FIA|KMR PSP|KMR PSP|PSP",20,0.83543,0.42745,1.2817,1.8755,0.83045,2.8162,0.07754,0.025142,0.1366,1.1993,0.44605,1.8274,2.5254,1.5825,5.6601
"multiset drawn","FIA|KMR PSP|PSP|PSP",25,0.85547,0.37776,1.8069,1.5816,0.95176,2.9468,0.11167,0.043731,0.43888,1.4699,0.46809,5.197,2.6504,1.8731,4.1357
"multiset drawn","FIA|PSP|PSP|PSP",7,0.95822,0.58576,1.6791,1.4827,1.0814,2.6391,0.096851,0.036519,0.15853,1.0323,0.26017,1.2588,2.3061,1.8657,2.9544
"multiset drawn","KMR PSP|KMR PSP|KMR PSP|PSP",6,1.1919,0.79948,1.6974,1.534,0.96795,2.0933,0.49499,0.4345,2.2193,0.98131,0.85351,3.6511,2.7321,2.0565,3.4122
"multiset drawn","KMR PSP|KMR PSP|PSP|PSP",11,1.486,0.80359,2.3168,2.0052,1.187,2.1714,0.53668,0.18933,1.337,1.0755,0.36108,3.041,2.4767,1.6588,3.4398
"multiset drawn","KMR PSP|PSP|PSP|PSP",6,1.6977,0.97029,1.9801,1.5354,0.96444,2.1805,0.96953,0.35001,1.9975,1.7477,0.58625,4.133,2.4831,2.2506,3.3445
"multiset drawn","PSP|PSP|PSP|PSP",2,1.7348,0.9,2.5695,1.7379,1.1519,2.3238,1.007,0.87879,1.1352,1.9125,1.459,2.366,3.0169,2.209,3.8249
