scenario,site,byi,window,n_reps,point_age,point_netMAI,point_at_lower_edge,rep_median,lo95,hi95,share_reps_at_lower_edge,share_reps_at_upper_edge
nat,Low,100,w10_100,500,10,1.97,True,10.0,10.0,66.0,0.722,0.0
nat,Low,100,w5_100,500,5,2.72,True,5.0,5.0,31.0,0.946,0.0
nat,Low,100,w2_100,500,2,5.28,True,2.0,2.0,2.0,0.996,0.0
nat,Low,100,w1_100,500,1,9.64,True,1.0,1.0,1.0,1.0,0.0
nat,Low,100,interior,500,59,1.88,False,47.0,1.0,70.0,0.28,0.0
nat,Medium,264,w10_100,500,39,3.02,False,30.0,10.0,58.0,0.352,0.0
nat,Medium,264,w5_100,500,5,3.42,True,5.0,5.0,51.0,0.764,0.0
nat,Medium,264,w2_100,500,2,5.87,True,2.0,2.0,17.0,0.956,0.0
nat,Medium,264,w1_100,500,1,10.22,True,1.0,1.0,1.0,0.996,0.0
nat,Medium,264,interior,500,39,3.02,False,34.0,1.0,59.52499999999998,0.206,0.0
nat,High,450,w10_100,500,31,3.99,False,26.0,10.0,51.0,0.282,0.0
nat,High,450,w5_100,500,5,4.09,True,5.0,5.0,44.52499999999998,0.606,0.0
nat,High,450,w2_100,500,2,6.47,True,2.0,2.0,16.0,0.936,0.0
nat,High,450,w1_100,500,1,10.86,True,1.0,1.0,1.0,0.982,0.0
nat,High,450,interior,500,31,3.99,False,27.0,1.0,51.0,0.222,0.0
plt,Low,100,w10_100,500,13,12.08,False,12.0,10.0,34.52499999999998,0.222,0.0
plt,Low,100,w5_100,500,13,12.08,False,12.0,5.475000000000001,28.09999999999991,0.026,0.0
plt,Low,100,w2_100,500,13,12.08,False,12.0,2.0,18.0,0.082,0.0
plt,Low,100,w1_100,500,13,12.08,False,10.0,1.0,15.0,0.31,0.0
plt,Low,100,interior,500,13,12.08,False,12.0,8.0,34.52499999999998,0.002,0.0
plt,Medium,264,w10_100,500,10,18.67,True,10.0,10.0,22.0,0.75,0.0
plt,Medium,264,w5_100,500,10,18.67,False,9.0,6.0,22.0,0.024,0.0
plt,Medium,264,w2_100,500,10,18.67,False,9.0,2.0,13.0,0.048,0.0
plt,Medium,264,w1_100,500,10,18.67,False,9.0,1.0,13.0,0.068,0.0
plt,Medium,264,interior,500,10,18.67,False,9.0,6.0,22.0,0.0,0.0
plt,High,450,w10_100,500,10,24.05,True,10.0,10.0,19.524999999999977,0.916,0.0
plt,High,450,w5_100,500,8,24.37,False,8.0,6.0,19.524999999999977,0.01,0.0
plt,High,450,w2_100,500,8,24.37,False,8.0,3.4250000000000043,15.524999999999977,0.026,0.0
plt,High,450,w1_100,500,8,24.37,False,8.0,1.0,11.0,0.058,0.0
plt,High,450,interior,500,8,24.37,False,8.0,6.0,19.524999999999977,0.002,0.0
uneven,Low,100,w10_100,300,51,3.14,False,55.5,24.0,100.0,0.0,0.077
uneven,Low,100,w5_100,300,51,3.14,False,55.0,21.900000000000002,100.0,0.003,0.077
uneven,Low,100,w2_100,300,51,3.14,False,45.0,2.0,80.04999999999995,0.26,0.01
uneven,Low,100,w1_100,300,1,4.66,True,1.0,1.0,41.52499999999998,0.893,0.0
uneven,Low,100,interior,300,51,3.14,False,55.5,24.0,100.0,0.0,0.077
uneven,Medium,264,w10_100,300,34,4.75,False,36.0,14.0,93.04999999999995,0.0,0.02
uneven,Medium,264,w5_100,300,34,4.75,False,36.0,14.0,93.04999999999995,0.0,0.02
uneven,Medium,264,w2_100,300,34,4.75,False,35.0,2.0,80.52499999999998,0.03,0.003
uneven,Medium,264,w1_100,300,1,4.94,True,1.0,1.0,42.09999999999991,0.513,0.0
uneven,Medium,264,interior,300,34,4.75,False,36.0,14.0,93.04999999999995,0.0,0.02
uneven,High,450,w10_100,300,28,6.1,False,28.0,12.0,91.0,0.003,0.007
uneven,High,450,w5_100,300,28,6.1,False,28.0,12.0,91.0,0.0,0.007
uneven,High,450,w2_100,300,28,6.1,False,28.0,11.0,91.0,0.007,0.007
uneven,High,450,w1_100,300,28,6.1,False,23.0,1.0,36.0,0.29,0.0
uneven,High,450,interior,300,28,6.1,False,28.0,12.0,91.0,0.0,0.007
